Times,Sample,Window,heartbeat,initialization,observation,correction,classification,injection,essential,uncorrectable 
2024-06-12 13:10:06,0,0,0,0,0,1,0,0,0,0,0
2024-06-12 13:10:06,1,1,0,0,0,1,0,0,0,0,0
2024-06-12 13:10:06,2,2,0,0,0,1,0,0,0,0,0
2024-06-12 13:10:06,3,3,0,0,0,1,0,0,0,0,0
2024-06-12 13:10:06,4,4,0,0,0,1,0,0,0,0,0
2024-06-12 13:10:06,5,5,0,0,0,1,0,0,0,0,0
2024-06-12 13:10:06,6,6,0,0,0,1,0,0,0,0,0
2024-06-12 13:10:06,7,7,0,0,0,1,0,0,0,0,0
2024-06-12 13:10:06,8,8,0,0,0,1,0,0,0,0,0
2024-06-12 13:10:06,9,9,0,0,0,1,0,0,0,0,0
2024-06-12 13:10:06,10,10,0,0,0,1,0,0,0,0,0
2024-06-12 13:10:06,11,11,0,0,0,1,0,0,0,0,0
2024-06-12 13:10:06,12,12,0,0,0,1,0,0,0,0,0
2024-06-12 13:10:06,13,13,0,0,0,1,0,0,0,0,0
2024-06-12 13:10:06,14,14,0,0,0,1,0,0,0,0,0
2024-06-12 13:10:06,15,15,0,0,0,1,0,0,0,0,0
2024-06-12 13:10:06,16,16,0,0,0,1,0,0,0,0,0
2024-06-12 13:10:06,17,17,0,0,0,1,0,0,0,0,0
2024-06-12 13:10:06,18,18,0,0,0,1,0,0,0,0,0
2024-06-12 13:10:06,19,19,0,1,0,1,0,0,0,0,0
2024-06-12 13:10:06,20,20,0,0,0,1,0,0,0,0,0
2024-06-12 13:10:06,21,21,0,0,0,1,0,0,0,0,0
2024-06-12 13:10:06,22,22,0,0,0,1,0,0,0,0,0
2024-06-12 13:10:06,23,23,0,0,0,1,0,0,0,0,0
2024-06-12 13:10:06,24,24,0,0,0,1,0,0,0,0,0
2024-06-12 13:10:06,25,25,0,0,0,1,0,0,0,0,0
2024-06-12 13:10:06,26,26,0,0,0,1,0,0,0,0,0
2024-06-12 13:10:06,27,27,0,0,0,1,0,0,0,0,0
2024-06-12 13:10:06,28,28,0,0,0,1,0,0,0,0,0
2024-06-12 13:10:06,29,29,0,0,0,1,0,0,0,0,0
2024-06-12 13:10:06,30,30,0,0,0,1,0,0,0,0,0
2024-06-12 13:10:06,31,31,0,0,0,1,0,0,0,0,0
2024-06-12 13:10:06,32,32,0,0,0,1,0,0,0,0,0
2024-06-12 13:10:06,33,33,0,0,0,1,0,0,0,0,0
2024-06-12 13:10:06,34,34,0,0,0,1,0,0,0,0,0
2024-06-12 13:10:06,35,35,0,0,0,1,0,0,0,0,0
2024-06-12 13:10:06,36,36,0,0,0,1,0,0,0,0,0
2024-06-12 13:10:06,37,37,0,0,0,1,0,0,0,0,0
2024-06-12 13:10:06,38,38,0,0,0,1,0,0,0,0,0
2024-06-12 13:10:06,39,39,0,0,0,1,0,0,0,0,0
2024-06-12 13:10:06,40,40,0,0,0,1,0,0,0,0,0
2024-06-12 13:10:06,41,41,0,0,0,1,0,0,0,0,0
2024-06-12 13:10:06,42,42,0,0,0,1,0,0,0,0,0
2024-06-12 13:10:06,43,43,0,0,0,1,0,0,0,0,0
2024-06-12 13:10:06,44,44,0,0,0,1,0,0,0,0,0
2024-06-12 13:10:06,45,45,0,0,0,1,0,0,0,0,0
2024-06-12 13:10:06,46,46,0,0,0,1,0,0,0,0,0
2024-06-12 13:10:06,47,47,0,0,0,1,0,0,0,0,0
2024-06-12 13:10:06,48,48,0,0,0,1,0,0,0,0,0
2024-06-12 13:10:06,49,49,0,0,0,1,0,0,0,0,0
2024-06-12 13:10:06,50,50,0,0,0,1,0,0,0,0,0
2024-06-12 13:10:06,51,51,0,0,0,1,0,0,0,0,0
2024-06-12 13:10:06,52,52,0,0,0,1,0,0,0,0,0
2024-06-12 13:10:06,53,53,0,0,0,1,0,0,0,0,0
2024-06-12 13:10:06,54,54,0,0,0,1,0,0,0,0,0
2024-06-12 13:10:06,55,55,0,0,0,1,0,0,0,0,0
2024-06-12 13:10:06,56,56,0,0,0,1,0,0,0,0,0
2024-06-12 13:10:06,57,57,0,0,0,1,0,0,0,0,0
2024-06-12 13:10:06,58,58,0,0,0,1,0,0,0,0,0
2024-06-12 13:10:06,59,59,0,0,0,1,0,0,0,0,0
2024-06-12 13:10:06,60,60,0,0,0,1,0,0,0,0,0
2024-06-12 13:10:06,61,61,0,0,0,1,0,0,0,0,0
2024-06-12 13:10:06,62,62,0,0,0,1,0,0,0,0,0
2024-06-12 13:10:06,63,63,0,0,0,1,0,0,0,0,0
2024-06-12 13:10:06,64,64,0,0,0,1,0,0,0,0,0
2024-06-12 13:10:06,65,65,0,0,0,1,0,0,0,0,0
2024-06-12 13:10:06,66,66,0,0,0,1,0,0,0,0,0
2024-06-12 13:10:06,67,67,0,0,0,1,0,0,0,0,0
2024-06-12 13:10:06,68,68,0,0,0,1,0,0,0,0,0
2024-06-12 13:10:06,69,69,0,0,0,1,0,0,0,0,0
2024-06-12 13:10:06,70,70,0,0,0,1,0,0,0,0,0
2024-06-12 13:10:06,71,71,0,0,0,1,0,0,0,0,0
2024-06-12 13:10:06,72,72,0,0,0,1,0,0,0,0,0
2024-06-12 13:10:06,73,73,0,0,0,1,0,0,0,0,0
2024-06-12 13:10:06,74,74,0,0,0,1,0,0,0,0,0
2024-06-12 13:10:06,75,75,0,0,0,1,0,0,0,0,0
2024-06-12 13:10:06,76,76,0,0,0,1,0,0,0,0,0
2024-06-12 13:10:06,77,77,0,0,0,1,0,0,0,0,0
2024-06-12 13:10:06,78,78,0,0,0,1,0,0,0,0,0
2024-06-12 13:10:06,79,79,0,0,0,1,0,0,0,0,0
2024-06-12 13:10:06,80,80,0,0,0,1,0,0,0,0,0
2024-06-12 13:10:06,81,81,0,0,0,1,0,0,0,0,0
2024-06-12 13:10:06,82,82,0,0,0,1,0,0,0,0,0
2024-06-12 13:10:06,83,83,0,0,0,1,0,0,0,0,0
2024-06-12 13:10:06,84,84,0,0,0,1,0,0,0,0,0
2024-06-12 13:10:06,85,85,0,0,0,1,0,0,0,0,0
2024-06-12 13:10:06,86,86,0,0,0,1,0,0,0,0,0
2024-06-12 13:10:06,87,87,0,0,0,1,0,0,0,0,0
2024-06-12 13:10:06,88,88,0,0,0,1,0,0,0,0,0
2024-06-12 13:10:06,89,89,0,0,0,1,0,0,0,0,0
2024-06-12 13:10:06,90,90,0,0,0,1,0,0,0,0,0
2024-06-12 13:10:06,91,91,0,0,0,1,0,0,0,0,0
2024-06-12 13:10:06,92,92,0,0,0,1,0,0,0,0,0
2024-06-12 13:10:06,93,93,0,0,0,1,0,0,0,0,0
2024-06-12 13:10:06,94,94,0,0,0,1,0,0,0,0,0
2024-06-12 13:10:06,95,95,0,0,0,1,0,0,0,0,0
2024-06-12 13:10:06,96,96,0,0,0,1,0,0,0,0,0
2024-06-12 13:10:06,97,97,0,0,0,1,0,0,0,0,0
2024-06-12 13:10:06,98,98,0,0,0,1,0,0,0,0,0
2024-06-12 13:10:06,99,99,0,0,0,1,0,0,0,0,0
2024-06-12 13:10:06,100,100,0,0,0,1,0,0,0,0,0
2024-06-12 13:10:06,101,101,0,0,0,1,0,0,0,0,0
2024-06-12 13:10:06,102,102,0,0,0,1,0,0,0,0,0
2024-06-12 13:10:06,103,103,0,0,0,1,0,0,0,0,0
2024-06-12 13:10:06,104,104,0,0,0,1,0,0,0,0,0
2024-06-12 13:10:06,105,105,0,0,0,1,0,0,0,0,0
2024-06-12 13:10:06,106,106,0,0,0,1,0,0,0,0,0
2024-06-12 13:10:06,107,107,0,0,0,1,0,0,0,0,0
2024-06-12 13:10:06,108,108,0,0,0,1,0,0,0,0,0
2024-06-12 13:10:06,109,109,0,0,0,1,0,0,0,0,0
2024-06-12 13:10:06,110,110,0,0,0,1,0,0,0,0,0
2024-06-12 13:10:06,111,111,0,0,0,1,0,0,0,0,0
2024-06-12 13:10:06,112,112,0,0,0,1,0,0,0,0,0
2024-06-12 13:10:06,113,113,0,0,0,1,0,0,0,0,0
2024-06-12 13:10:06,114,114,0,0,0,1,0,0,0,0,0
2024-06-12 13:10:06,115,115,0,0,0,1,0,0,0,0,0
2024-06-12 13:10:06,116,116,0,0,0,1,0,0,0,0,0
2024-06-12 13:10:06,117,117,0,0,0,1,0,0,0,0,0
2024-06-12 13:10:06,118,118,0,0,0,1,0,0,0,0,0
2024-06-12 13:10:06,119,119,0,0,0,1,0,0,0,0,0
2024-06-12 13:10:06,120,120,0,0,0,1,0,0,0,0,0
2024-06-12 13:10:06,121,121,0,0,0,1,0,0,0,0,0
2024-06-12 13:10:06,122,122,0,0,0,1,0,0,0,0,0
2024-06-12 13:10:06,123,123,0,0,0,1,0,0,0,0,0
2024-06-12 13:10:06,124,124,0,0,0,1,0,0,0,0,0
2024-06-12 13:10:06,125,125,0,0,0,1,0,0,0,0,0
2024-06-12 13:10:06,126,126,0,0,0,1,0,0,0,0,0
2024-06-12 13:10:06,127,127,0,0,0,1,0,0,0,0,0
2024-06-12 13:10:06,128,128,0,0,0,1,0,0,0,0,0
2024-06-12 13:10:06,129,129,0,0,0,1,0,0,0,0,0
2024-06-12 13:10:06,130,130,0,0,0,1,0,0,0,0,0
2024-06-12 13:10:06,131,131,0,0,0,1,0,0,0,0,0
2024-06-12 13:10:06,132,132,0,0,0,1,0,0,0,0,0
2024-06-12 13:10:06,133,133,0,0,0,1,0,0,0,0,0
2024-06-12 13:10:06,134,134,0,0,0,1,0,0,0,0,0
2024-06-12 13:10:06,135,135,0,0,0,1,0,0,0,0,0
2024-06-12 13:10:06,136,136,0,0,0,1,0,0,0,0,0
2024-06-12 13:10:06,137,137,0,0,0,1,0,0,0,0,0
2024-06-12 13:10:06,138,138,0,0,0,1,0,0,0,0,0
2024-06-12 13:10:06,139,139,0,0,0,1,0,0,0,0,0
2024-06-12 13:10:06,140,140,0,1,0,1,0,0,0,0,0
2024-06-12 13:10:06,141,141,0,0,0,1,0,0,0,0,0
2024-06-12 13:10:06,142,142,0,0,0,1,0,0,0,0,0
2024-06-12 13:10:06,143,143,0,0,0,1,0,0,0,0,0
2024-06-12 13:10:06,144,144,0,0,0,1,0,0,0,0,0
2024-06-12 13:10:06,145,145,0,0,0,1,0,0,0,0,0
2024-06-12 13:10:06,146,146,0,0,0,1,0,0,0,0,0
2024-06-12 13:10:06,147,147,0,0,0,1,0,0,0,0,0
2024-06-12 13:10:06,148,148,0,0,0,1,0,0,0,0,0
2024-06-12 13:10:06,149,149,0,0,0,1,0,0,0,0,0
2024-06-12 13:10:06,150,150,0,0,0,1,0,0,0,0,0
2024-06-12 13:10:06,151,151,0,0,0,1,0,0,0,0,0
2024-06-12 13:10:06,152,152,0,0,0,1,0,0,0,0,0
2024-06-12 13:10:06,153,153,0,0,0,1,0,0,0,0,0
2024-06-12 13:10:06,154,154,0,0,0,1,0,0,0,0,0
2024-06-12 13:10:06,155,155,0,0,0,1,0,0,0,0,0
2024-06-12 13:10:06,156,156,0,0,0,1,0,0,0,0,0
2024-06-12 13:10:06,157,157,0,0,0,1,0,0,0,0,0
2024-06-12 13:10:06,158,158,0,0,0,1,0,0,0,0,0
2024-06-12 13:10:06,159,159,0,0,0,1,0,0,0,0,0
2024-06-12 13:10:06,160,160,0,0,0,1,0,0,0,0,0
2024-06-12 13:10:06,161,161,0,0,0,1,0,0,0,0,0
2024-06-12 13:10:06,162,162,0,0,0,1,0,0,0,0,0
2024-06-12 13:10:06,163,163,0,0,0,1,0,0,0,0,0
2024-06-12 13:10:06,164,164,0,0,0,1,0,0,0,0,0
2024-06-12 13:10:06,165,165,0,0,0,1,0,0,0,0,0
2024-06-12 13:10:06,166,166,0,0,0,1,0,0,0,0,0
2024-06-12 13:10:06,167,167,0,0,0,1,0,0,0,0,0
2024-06-12 13:10:06,168,168,0,0,0,1,0,0,0,0,0
2024-06-12 13:10:06,169,169,0,0,0,1,0,0,0,0,0
2024-06-12 13:10:06,170,170,0,0,0,1,0,0,0,0,0
2024-06-12 13:10:06,171,171,0,0,0,1,0,0,0,0,0
2024-06-12 13:10:06,172,172,0,0,0,1,0,0,0,0,0
2024-06-12 13:10:06,173,173,0,0,0,1,0,0,0,0,0
2024-06-12 13:10:06,174,174,0,0,0,1,0,0,0,0,0
2024-06-12 13:10:06,175,175,0,0,0,1,0,0,0,0,0
2024-06-12 13:10:06,176,176,0,0,0,1,0,0,0,0,0
2024-06-12 13:10:06,177,177,0,0,0,1,0,0,0,0,0
2024-06-12 13:10:06,178,178,0,0,0,1,0,0,0,0,0
2024-06-12 13:10:06,179,179,0,0,0,1,0,0,0,0,0
2024-06-12 13:10:06,180,180,0,0,0,1,0,0,0,0,0
2024-06-12 13:10:06,181,181,0,0,0,1,0,0,0,0,0
2024-06-12 13:10:06,182,182,0,0,0,1,0,0,0,0,0
2024-06-12 13:10:06,183,183,0,0,0,1,0,0,0,0,0
2024-06-12 13:10:06,184,184,0,0,0,1,0,0,0,0,0
2024-06-12 13:10:06,185,185,0,0,0,1,0,0,0,0,0
2024-06-12 13:10:06,186,186,0,0,0,1,0,0,0,0,0
2024-06-12 13:10:06,187,187,0,0,0,1,0,0,0,0,0
2024-06-12 13:10:06,188,188,0,0,0,1,0,0,0,0,0
2024-06-12 13:10:06,189,189,0,0,0,1,0,0,0,0,0
2024-06-12 13:10:06,190,190,0,0,0,1,0,0,0,0,0
2024-06-12 13:10:06,191,191,0,0,0,1,0,0,0,0,0
2024-06-12 13:10:06,192,192,0,0,0,1,0,0,0,0,0
2024-06-12 13:10:06,193,193,0,0,0,1,0,0,0,0,0
2024-06-12 13:10:06,194,194,0,0,0,1,0,0,0,0,0
2024-06-12 13:10:06,195,195,0,0,0,1,0,0,0,0,0
2024-06-12 13:10:06,196,196,0,0,0,1,0,0,0,0,0
2024-06-12 13:10:06,197,197,0,0,0,1,0,0,0,0,0
2024-06-12 13:10:06,198,198,0,0,0,1,0,0,0,0,0
2024-06-12 13:10:06,199,199,0,0,0,1,0,0,0,0,0
2024-06-12 13:10:06,200,200,0,0,0,1,0,0,0,0,0
2024-06-12 13:10:06,201,201,0,0,0,1,0,0,0,0,0
2024-06-12 13:10:06,202,202,0,0,0,1,0,0,0,0,0
2024-06-12 13:10:06,203,203,0,0,0,1,0,0,0,0,0
2024-06-12 13:10:06,204,204,0,0,0,1,0,0,0,0,0
2024-06-12 13:10:06,205,205,0,0,0,1,0,0,0,0,0
2024-06-12 13:10:06,206,206,0,0,0,1,0,0,0,0,0
2024-06-12 13:10:06,207,207,0,0,0,1,0,0,0,0,0
2024-06-12 13:10:06,208,208,0,0,0,1,0,0,0,0,0
2024-06-12 13:10:06,209,209,0,0,0,1,0,0,0,0,0
2024-06-12 13:10:06,210,210,0,0,0,1,0,0,0,0,0
2024-06-12 13:10:06,211,211,0,0,0,1,0,0,0,0,0
2024-06-12 13:10:06,212,212,0,0,0,1,0,0,0,0,0
2024-06-12 13:10:06,213,213,0,0,0,1,0,0,0,0,0
2024-06-12 13:10:06,214,214,0,0,0,1,0,0,0,0,0
2024-06-12 13:10:06,215,215,0,0,0,1,0,0,0,0,0
2024-06-12 13:10:06,216,216,0,0,0,1,0,0,0,0,0
2024-06-12 13:10:06,217,217,0,0,0,1,0,0,0,0,0
2024-06-12 13:10:06,218,218,0,0,0,1,0,0,0,0,0
2024-06-12 13:10:06,219,219,0,0,0,1,0,0,0,0,0
2024-06-12 13:10:06,220,220,0,0,0,1,0,0,0,0,0
2024-06-12 13:10:06,221,221,0,1,0,1,0,0,0,0,0
2024-06-12 13:10:06,222,222,0,0,0,1,0,0,0,0,0
2024-06-12 13:10:06,223,223,0,0,0,1,0,0,0,0,0
2024-06-12 13:10:06,224,224,0,0,0,1,0,0,0,0,0
2024-06-12 13:10:06,225,225,0,0,0,1,0,0,0,0,0
2024-06-12 13:10:06,226,226,0,0,0,1,0,0,0,0,0
2024-06-12 13:10:06,227,227,0,0,0,1,0,0,0,0,0
2024-06-12 13:10:06,228,228,0,0,0,1,0,0,0,0,0
2024-06-12 13:10:06,229,229,0,0,0,1,0,0,0,0,0
2024-06-12 13:10:06,230,230,0,0,0,1,0,0,0,0,0
2024-06-12 13:10:06,231,231,0,0,0,1,0,0,0,0,0
2024-06-12 13:10:06,232,232,0,0,0,1,0,0,0,0,0
2024-06-12 13:10:06,233,233,0,0,0,1,0,0,0,0,0
2024-06-12 13:10:06,234,234,0,0,0,1,0,0,0,0,0
2024-06-12 13:10:06,235,235,0,0,0,1,0,0,0,0,0
2024-06-12 13:10:06,236,236,0,0,0,1,0,0,0,0,0
2024-06-12 13:10:06,237,237,0,0,0,1,0,0,0,0,0
2024-06-12 13:10:06,238,238,0,0,0,1,0,0,0,0,0
2024-06-12 13:10:06,239,239,0,0,0,1,0,0,0,0,0
2024-06-12 13:10:06,240,240,0,0,0,1,0,0,0,0,0
2024-06-12 13:10:06,241,241,0,0,0,1,0,0,0,0,0
2024-06-12 13:10:06,242,242,0,0,0,1,0,0,0,0,0
2024-06-12 13:10:06,243,243,0,0,0,1,0,0,0,0,0
2024-06-12 13:10:06,244,244,0,0,0,1,0,0,0,0,0
2024-06-12 13:10:06,245,245,0,0,0,1,0,0,0,0,0
2024-06-12 13:10:06,246,246,0,0,0,1,0,0,0,0,0
2024-06-12 13:10:06,247,247,0,0,0,1,0,0,0,0,0
2024-06-12 13:10:06,248,248,0,0,0,1,0,0,0,0,0
2024-06-12 13:10:06,249,249,0,0,0,1,0,0,0,0,0
2024-06-12 13:10:06,250,250,0,0,0,1,0,0,0,0,0
2024-06-12 13:10:06,251,251,0,0,0,1,0,0,0,0,0
2024-06-12 13:10:06,252,252,0,0,0,1,0,0,0,0,0
2024-06-12 13:10:06,253,253,0,0,0,1,0,0,0,0,0
2024-06-12 13:10:06,254,254,0,0,0,1,0,0,0,0,0
2024-06-12 13:10:06,255,255,0,0,0,1,0,0,0,0,0
2024-06-12 13:10:06,256,256,0,0,0,1,0,0,0,0,0
2024-06-12 13:10:06,257,257,0,0,0,1,0,0,0,0,0
2024-06-12 13:10:06,258,258,0,0,0,1,0,0,0,0,0
2024-06-12 13:10:06,259,259,0,0,0,1,0,0,0,0,0
2024-06-12 13:10:06,260,260,0,0,0,1,0,0,0,0,0
2024-06-12 13:10:06,261,261,0,0,0,1,0,0,0,0,0
2024-06-12 13:10:06,262,262,0,0,0,1,0,0,0,0,0
2024-06-12 13:10:06,263,263,0,0,0,1,0,0,0,0,0
2024-06-12 13:10:06,264,264,0,0,0,1,0,0,0,0,0
2024-06-12 13:10:06,265,265,0,0,0,1,0,0,0,0,0
2024-06-12 13:10:06,266,266,0,0,0,1,0,0,0,0,0
2024-06-12 13:10:06,267,267,0,0,0,1,0,0,0,0,0
2024-06-12 13:10:06,268,268,0,0,0,1,0,0,0,0,0
2024-06-12 13:10:06,269,269,0,0,0,1,0,0,0,0,0
2024-06-12 13:10:06,270,270,0,0,0,1,0,0,0,0,0
2024-06-12 13:10:06,271,271,0,0,0,1,0,0,0,0,0
2024-06-12 13:10:06,272,272,0,0,0,1,0,0,0,0,0
2024-06-12 13:10:06,273,273,0,0,0,1,0,0,0,0,0
2024-06-12 13:10:06,274,274,0,0,0,1,0,0,0,0,0
2024-06-12 13:10:06,275,275,0,0,0,1,0,0,0,0,0
2024-06-12 13:10:06,276,276,0,0,0,1,0,0,0,0,0
2024-06-12 13:10:06,277,277,0,0,0,1,0,0,0,0,0
2024-06-12 13:10:06,278,278,0,0,0,1,0,0,0,0,0
2024-06-12 13:10:06,279,279,0,0,0,1,0,0,0,0,0
2024-06-12 13:10:06,280,280,0,0,0,1,0,0,0,0,0
2024-06-12 13:10:06,281,281,0,0,0,1,0,0,0,0,0
2024-06-12 13:10:06,282,282,0,0,0,1,0,0,0,0,0
2024-06-12 13:10:06,283,283,0,0,0,1,0,0,0,0,0
2024-06-12 13:10:06,284,284,0,0,0,1,0,0,0,0,0
2024-06-12 13:10:06,285,285,0,0,0,1,0,0,0,0,0
2024-06-12 13:10:06,286,286,0,0,0,1,0,0,0,0,0
2024-06-12 13:10:06,287,287,0,0,0,1,0,0,0,0,0
2024-06-12 13:10:06,288,288,0,0,0,1,0,0,0,0,0
2024-06-12 13:10:06,289,289,0,0,0,1,0,0,0,0,0
2024-06-12 13:10:06,290,290,0,0,0,1,0,0,0,0,0
2024-06-12 13:10:06,291,291,0,0,0,1,0,0,0,0,0
2024-06-12 13:10:06,292,292,0,0,0,1,0,0,0,0,0
2024-06-12 13:10:06,293,293,0,0,0,1,0,0,0,0,0
2024-06-12 13:10:06,294,294,0,0,0,1,0,0,0,0,0
2024-06-12 13:10:06,295,295,0,0,0,1,0,0,0,0,0
2024-06-12 13:10:06,296,296,0,0,0,1,0,0,0,0,0
2024-06-12 13:10:06,297,297,0,0,0,1,0,0,0,0,0
2024-06-12 13:10:06,298,298,0,0,0,1,0,0,0,0,0
2024-06-12 13:10:06,299,299,0,0,0,1,0,0,0,0,0
2024-06-12 13:10:06,300,300,0,0,0,1,0,0,0,0,0
2024-06-12 13:10:06,301,301,0,0,0,1,0,0,0,0,0
2024-06-12 13:10:06,302,302,0,0,0,1,0,0,0,0,0
2024-06-12 13:10:06,303,303,0,0,0,1,0,0,0,0,0
2024-06-12 13:10:06,304,304,0,0,0,1,0,0,0,0,0
2024-06-12 13:10:06,305,305,0,0,0,1,0,0,0,0,0
2024-06-12 13:10:06,306,306,0,0,0,1,0,0,0,0,0
2024-06-12 13:10:06,307,307,0,0,0,1,0,0,0,0,0
2024-06-12 13:10:06,308,308,0,0,0,1,0,0,0,0,0
2024-06-12 13:10:06,309,309,0,0,0,1,0,0,0,0,0
2024-06-12 13:10:06,310,310,0,0,0,1,0,0,0,0,0
2024-06-12 13:10:06,311,311,0,0,0,1,0,0,0,0,0
2024-06-12 13:10:06,312,312,0,0,0,1,0,0,0,0,0
2024-06-12 13:10:06,313,313,0,0,0,1,0,0,0,0,0
2024-06-12 13:10:06,314,314,0,0,0,1,0,0,0,0,0
2024-06-12 13:10:06,315,315,0,0,0,1,0,0,0,0,0
2024-06-12 13:10:06,316,316,0,0,0,1,0,0,0,0,0
2024-06-12 13:10:06,317,317,0,0,0,1,0,0,0,0,0
2024-06-12 13:10:06,318,318,0,0,0,1,0,0,0,0,0
2024-06-12 13:10:06,319,319,0,0,0,1,0,0,0,0,0
2024-06-12 13:10:06,320,320,0,0,0,1,0,0,0,0,0
2024-06-12 13:10:06,321,321,0,0,0,1,0,0,0,0,0
2024-06-12 13:10:06,322,322,0,0,0,1,0,0,0,0,0
2024-06-12 13:10:06,323,323,0,0,0,1,0,0,0,0,0
2024-06-12 13:10:06,324,324,0,0,0,1,0,0,0,0,0
2024-06-12 13:10:06,325,325,0,0,0,1,0,0,0,0,0
2024-06-12 13:10:06,326,326,0,0,0,1,0,0,0,0,0
2024-06-12 13:10:06,327,327,0,0,0,1,0,0,0,0,0
2024-06-12 13:10:06,328,328,0,0,0,1,0,0,0,0,0
2024-06-12 13:10:06,329,329,0,0,0,1,0,0,0,0,0
2024-06-12 13:10:06,330,330,0,0,0,1,0,0,0,0,0
2024-06-12 13:10:06,331,331,0,0,0,1,0,0,0,0,0
2024-06-12 13:10:06,332,332,0,0,0,1,0,0,0,0,0
2024-06-12 13:10:06,333,333,0,0,0,1,0,0,0,0,0
2024-06-12 13:10:06,334,334,0,0,0,1,0,0,0,0,0
2024-06-12 13:10:06,335,335,0,0,0,1,0,0,0,0,0
2024-06-12 13:10:06,336,336,0,0,0,1,0,0,0,0,0
2024-06-12 13:10:06,337,337,0,0,0,1,0,0,0,0,0
2024-06-12 13:10:06,338,338,0,0,0,1,0,0,0,0,0
2024-06-12 13:10:06,339,339,0,0,0,1,0,0,0,0,0
2024-06-12 13:10:06,340,340,0,0,0,1,0,0,0,0,0
2024-06-12 13:10:06,341,341,0,0,0,1,0,0,0,0,0
2024-06-12 13:10:06,342,342,0,1,0,1,0,0,0,0,0
2024-06-12 13:10:06,343,343,0,0,0,1,0,0,0,0,0
2024-06-12 13:10:06,344,344,0,0,0,1,0,0,0,0,0
2024-06-12 13:10:06,345,345,0,0,0,1,0,0,0,0,0
2024-06-12 13:10:06,346,346,0,0,0,1,0,0,0,0,0
2024-06-12 13:10:06,347,347,0,0,0,1,0,0,0,0,0
2024-06-12 13:10:06,348,348,0,0,0,1,0,0,0,0,0
2024-06-12 13:10:06,349,349,0,0,0,1,0,0,0,0,0
2024-06-12 13:10:06,350,350,0,0,0,1,0,0,0,0,0
2024-06-12 13:10:06,351,351,0,0,0,1,0,0,0,0,0
2024-06-12 13:10:06,352,352,0,0,0,1,0,0,0,0,0
2024-06-12 13:10:06,353,353,0,0,0,1,0,0,0,0,0
2024-06-12 13:10:06,354,354,0,0,0,1,0,0,0,0,0
2024-06-12 13:10:06,355,355,0,0,0,1,0,0,0,0,0
2024-06-12 13:10:06,356,356,0,0,0,1,0,0,0,0,0
2024-06-12 13:10:06,357,357,0,0,0,1,0,0,0,0,0
2024-06-12 13:10:06,358,358,0,0,0,1,0,0,0,0,0
2024-06-12 13:10:06,359,359,0,0,0,1,0,0,0,0,0
2024-06-12 13:10:06,360,360,0,0,0,1,0,0,0,0,0
2024-06-12 13:10:06,361,361,0,0,0,1,0,0,0,0,0
2024-06-12 13:10:06,362,362,0,0,0,1,0,0,0,0,0
2024-06-12 13:10:06,363,363,0,0,0,1,0,0,0,0,0
2024-06-12 13:10:06,364,364,0,0,0,1,0,0,0,0,0
2024-06-12 13:10:06,365,365,0,0,0,1,0,0,0,0,0
2024-06-12 13:10:06,366,366,0,0,0,1,0,0,0,0,0
2024-06-12 13:10:06,367,367,0,0,0,1,0,0,0,0,0
2024-06-12 13:10:06,368,368,0,0,0,1,0,0,0,0,0
2024-06-12 13:10:06,369,369,0,0,0,1,0,0,0,0,0
2024-06-12 13:10:06,370,370,0,0,0,1,0,0,0,0,0
2024-06-12 13:10:06,371,371,0,0,0,1,0,0,0,0,0
2024-06-12 13:10:06,372,372,0,0,0,1,0,0,0,0,0
2024-06-12 13:10:06,373,373,0,0,0,1,0,0,0,0,0
2024-06-12 13:10:06,374,374,0,0,0,1,0,0,0,0,0
2024-06-12 13:10:06,375,375,0,0,0,1,0,0,0,0,0
2024-06-12 13:10:06,376,376,0,0,0,1,0,0,0,0,0
2024-06-12 13:10:06,377,377,0,0,0,1,0,0,0,0,0
2024-06-12 13:10:06,378,378,0,0,0,1,0,0,0,0,0
2024-06-12 13:10:06,379,379,0,0,0,1,0,0,0,0,0
2024-06-12 13:10:06,380,380,0,0,0,1,0,0,0,0,0
2024-06-12 13:10:06,381,381,0,0,0,1,0,0,0,0,0
2024-06-12 13:10:06,382,382,0,0,0,1,0,0,0,0,0
2024-06-12 13:10:06,383,383,0,0,0,1,0,0,0,0,0
2024-06-12 13:10:06,384,384,0,0,0,1,0,0,0,0,0
2024-06-12 13:10:06,385,385,0,0,0,1,0,0,0,0,0
2024-06-12 13:10:06,386,386,0,0,0,1,0,0,0,0,0
2024-06-12 13:10:06,387,387,0,0,0,1,0,0,0,0,0
2024-06-12 13:10:06,388,388,0,0,0,1,0,0,0,0,0
2024-06-12 13:10:06,389,389,0,0,0,1,0,0,0,0,0
2024-06-12 13:10:06,390,390,0,0,0,1,0,0,0,0,0
2024-06-12 13:10:06,391,391,0,0,0,1,0,0,0,0,0
2024-06-12 13:10:06,392,392,0,0,0,1,0,0,0,0,0
2024-06-12 13:10:06,393,393,0,0,0,1,0,0,0,0,0
2024-06-12 13:10:06,394,394,0,0,0,1,0,0,0,0,0
2024-06-12 13:10:06,395,395,0,0,0,1,0,0,0,0,0
2024-06-12 13:10:06,396,396,0,0,0,1,0,0,0,0,0
2024-06-12 13:10:06,397,397,0,0,0,1,0,0,0,0,0
2024-06-12 13:10:06,398,398,0,0,0,1,0,0,0,0,0
2024-06-12 13:10:06,399,399,0,0,0,1,0,0,0,0,0
2024-06-12 13:10:06,400,400,0,0,0,1,0,0,0,0,0
2024-06-12 13:10:06,401,401,0,0,0,1,0,0,0,0,0
2024-06-12 13:10:06,402,402,0,0,0,1,0,0,0,0,0
2024-06-12 13:10:06,403,403,0,0,0,1,0,0,0,0,0
2024-06-12 13:10:06,404,404,0,0,0,1,0,0,0,0,0
2024-06-12 13:10:06,405,405,0,0,0,1,0,0,0,0,0
2024-06-12 13:10:06,406,406,0,0,0,1,0,0,0,0,0
2024-06-12 13:10:06,407,407,0,0,0,1,0,0,0,0,0
2024-06-12 13:10:06,408,408,0,0,0,1,0,0,0,0,0
2024-06-12 13:10:06,409,409,0,0,0,1,0,0,0,0,0
2024-06-12 13:10:06,410,410,0,0,0,1,0,0,0,0,0
2024-06-12 13:10:06,411,411,0,0,0,1,0,0,0,0,0
2024-06-12 13:10:06,412,412,0,0,0,1,0,0,0,0,0
2024-06-12 13:10:06,413,413,0,0,0,1,0,0,0,0,0
2024-06-12 13:10:06,414,414,0,0,0,1,0,0,0,0,0
2024-06-12 13:10:06,415,415,0,0,0,1,0,0,0,0,0
2024-06-12 13:10:06,416,416,0,0,0,1,0,0,0,0,0
2024-06-12 13:10:06,417,417,0,0,0,1,0,0,0,0,0
2024-06-12 13:10:06,418,418,0,0,0,1,0,0,0,0,0
2024-06-12 13:10:06,419,419,0,0,0,1,0,0,0,0,0
2024-06-12 13:10:06,420,420,0,0,0,1,0,0,0,0,0
2024-06-12 13:10:06,421,421,0,0,0,1,0,0,0,0,0
2024-06-12 13:10:06,422,422,0,0,0,1,0,0,0,0,0
2024-06-12 13:10:06,423,423,0,1,0,1,0,0,0,0,0
2024-06-12 13:10:06,424,424,0,0,0,1,0,0,0,0,0
2024-06-12 13:10:06,425,425,0,0,0,1,0,0,0,0,0
2024-06-12 13:10:06,426,426,0,0,0,1,0,0,0,0,0
2024-06-12 13:10:06,427,427,0,0,0,1,0,0,0,0,0
2024-06-12 13:10:06,428,428,0,0,0,1,0,0,0,0,0
2024-06-12 13:10:06,429,429,0,0,0,1,0,0,0,0,0
2024-06-12 13:10:06,430,430,0,0,0,1,0,0,0,0,0
2024-06-12 13:10:06,431,431,0,0,0,1,0,0,0,0,0
2024-06-12 13:10:06,432,432,0,0,0,1,0,0,0,0,0
2024-06-12 13:10:06,433,433,0,0,0,1,0,0,0,0,0
2024-06-12 13:10:06,434,434,0,0,0,1,0,0,0,0,0
2024-06-12 13:10:06,435,435,0,0,0,1,0,0,0,0,0
2024-06-12 13:10:06,436,436,0,0,0,1,0,0,0,0,0
2024-06-12 13:10:06,437,437,0,0,0,1,0,0,0,0,0
2024-06-12 13:10:06,438,438,0,0,0,1,0,0,0,0,0
2024-06-12 13:10:06,439,439,0,0,0,1,0,0,0,0,0
2024-06-12 13:10:06,440,440,0,0,0,1,0,0,0,0,0
2024-06-12 13:10:06,441,441,0,0,0,1,0,0,0,0,0
2024-06-12 13:10:06,442,442,0,0,0,1,0,0,0,0,0
2024-06-12 13:10:06,443,443,0,0,0,1,0,0,0,0,0
2024-06-12 13:10:06,444,444,0,0,0,1,0,0,0,0,0
2024-06-12 13:10:06,445,445,0,0,0,1,0,0,0,0,0
2024-06-12 13:10:06,446,446,0,0,0,1,0,0,0,0,0
2024-06-12 13:10:06,447,447,0,0,0,1,0,0,0,0,0
2024-06-12 13:10:06,448,448,0,0,0,1,0,0,0,0,0
2024-06-12 13:10:06,449,449,0,0,0,1,0,0,0,0,0
2024-06-12 13:10:06,450,450,0,0,0,1,0,0,0,0,0
2024-06-12 13:10:06,451,451,0,0,0,1,0,0,0,0,0
2024-06-12 13:10:06,452,452,0,0,0,1,0,0,0,0,0
2024-06-12 13:10:06,453,453,0,0,0,1,0,0,0,0,0
2024-06-12 13:10:06,454,454,0,0,0,1,0,0,0,0,0
2024-06-12 13:10:06,455,455,0,0,0,1,0,0,0,0,0
2024-06-12 13:10:06,456,456,0,0,0,1,0,0,0,0,0
2024-06-12 13:10:06,457,457,0,0,0,1,0,0,0,0,0
2024-06-12 13:10:06,458,458,0,0,0,1,0,0,0,0,0
2024-06-12 13:10:06,459,459,0,0,0,1,0,0,0,0,0
2024-06-12 13:10:06,460,460,0,0,0,1,0,0,0,0,0
2024-06-12 13:10:06,461,461,0,0,0,1,0,0,0,0,0
2024-06-12 13:10:06,462,462,0,0,0,1,0,0,0,0,0
2024-06-12 13:10:06,463,463,0,0,0,1,0,0,0,0,0
2024-06-12 13:10:06,464,464,0,0,0,1,0,0,0,0,0
2024-06-12 13:10:06,465,465,0,0,0,1,0,0,0,0,0
2024-06-12 13:10:06,466,466,0,0,0,1,0,0,0,0,0
2024-06-12 13:10:06,467,467,0,0,0,1,0,0,0,0,0
2024-06-12 13:10:06,468,468,0,0,0,1,0,0,0,0,0
2024-06-12 13:10:06,469,469,0,0,0,1,0,0,0,0,0
2024-06-12 13:10:06,470,470,0,0,0,1,0,0,0,0,0
2024-06-12 13:10:06,471,471,0,0,0,1,0,0,0,0,0
2024-06-12 13:10:06,472,472,0,0,0,1,0,0,0,0,0
2024-06-12 13:10:06,473,473,0,0,0,1,0,0,0,0,0
2024-06-12 13:10:06,474,474,0,0,0,1,0,0,0,0,0
2024-06-12 13:10:06,475,475,0,0,0,1,0,0,0,0,0
2024-06-12 13:10:06,476,476,0,0,0,1,0,0,0,0,0
2024-06-12 13:10:06,477,477,0,0,0,1,0,0,0,0,0
2024-06-12 13:10:06,478,478,0,0,0,1,0,0,0,0,0
2024-06-12 13:10:06,479,479,0,0,0,1,0,0,0,0,0
2024-06-12 13:10:06,480,480,0,0,0,1,0,0,0,0,0
2024-06-12 13:10:06,481,481,0,0,0,1,0,0,0,0,0
2024-06-12 13:10:06,482,482,0,0,0,1,0,0,0,0,0
2024-06-12 13:10:06,483,483,0,0,0,1,0,0,0,0,0
2024-06-12 13:10:06,484,484,0,0,0,1,0,0,0,0,0
2024-06-12 13:10:06,485,485,0,0,0,1,0,0,0,0,0
2024-06-12 13:10:06,486,486,0,0,0,1,0,0,0,0,0
2024-06-12 13:10:06,487,487,0,0,0,1,0,0,0,0,0
2024-06-12 13:10:06,488,488,0,0,0,1,0,0,0,0,0
2024-06-12 13:10:06,489,489,0,0,0,1,0,0,0,0,0
2024-06-12 13:10:06,490,490,0,0,0,1,0,0,0,0,0
2024-06-12 13:10:06,491,491,0,0,0,1,0,0,0,0,0
2024-06-12 13:10:06,492,492,0,0,0,1,0,0,0,0,0
2024-06-12 13:10:06,493,493,0,0,0,1,0,0,0,0,0
2024-06-12 13:10:06,494,494,0,0,0,1,0,0,0,0,0
2024-06-12 13:10:06,495,495,0,0,0,1,0,0,0,0,0
2024-06-12 13:10:06,496,496,0,0,0,1,0,0,0,0,0
2024-06-12 13:10:06,497,497,0,0,0,1,0,0,0,0,0
2024-06-12 13:10:06,498,498,0,0,0,1,0,0,0,0,0
2024-06-12 13:10:06,499,499,0,0,0,1,0,0,0,0,0
2024-06-12 13:10:06,500,500,0,0,0,1,0,0,0,0,0
2024-06-12 13:10:06,501,501,0,0,0,1,0,0,0,0,0
2024-06-12 13:10:06,502,502,0,0,0,1,0,0,0,0,0
2024-06-12 13:10:06,503,503,0,0,0,1,0,0,0,0,0
2024-06-12 13:10:06,504,504,0,0,0,1,0,0,0,0,0
2024-06-12 13:10:06,505,505,0,0,0,1,0,0,0,0,0
2024-06-12 13:10:06,506,506,0,0,0,1,0,0,0,0,0
2024-06-12 13:10:06,507,507,0,0,0,1,0,0,0,0,0
2024-06-12 13:10:06,508,508,0,0,0,1,0,0,0,0,0
2024-06-12 13:10:06,509,509,0,0,0,1,0,0,0,0,0
2024-06-12 13:10:06,510,510,0,0,0,1,0,0,0,0,0
2024-06-12 13:10:06,511,511,0,0,0,1,0,0,0,0,0
2024-06-12 13:10:06,512,512,1,0,0,1,0,0,0,0,0
2024-06-12 13:10:06,513,513,0,0,0,1,0,0,0,0,0
2024-06-12 13:10:06,514,514,0,0,0,1,0,0,0,0,0
2024-06-12 13:10:06,515,515,0,0,0,1,0,0,0,0,0
2024-06-12 13:10:06,516,516,0,0,0,1,0,0,0,0,0
2024-06-12 13:10:06,517,517,0,0,0,1,0,0,0,0,0
2024-06-12 13:10:06,518,518,0,0,0,1,0,0,0,0,0
2024-06-12 13:10:06,519,519,0,0,0,1,0,0,0,0,0
2024-06-12 13:10:06,520,520,0,0,0,1,0,0,0,0,0
2024-06-12 13:10:06,521,521,0,0,0,1,0,0,0,0,0
2024-06-12 13:10:06,522,522,0,0,0,1,0,0,0,0,0
2024-06-12 13:10:06,523,523,0,0,0,1,0,0,0,0,0
2024-06-12 13:10:06,524,524,0,0,0,1,0,0,0,0,0
2024-06-12 13:10:06,525,525,0,0,0,1,0,0,0,0,0
2024-06-12 13:10:06,526,526,0,0,0,1,0,0,0,0,0
2024-06-12 13:10:06,527,527,0,0,0,1,0,0,0,0,0
2024-06-12 13:10:06,528,528,0,0,0,1,0,0,0,0,0
2024-06-12 13:10:06,529,529,0,0,0,1,0,0,0,0,0
2024-06-12 13:10:06,530,530,0,0,0,1,0,0,0,0,0
2024-06-12 13:10:06,531,531,0,0,0,1,0,0,0,0,0
2024-06-12 13:10:06,532,532,0,0,0,1,0,0,0,0,0
2024-06-12 13:10:06,533,533,0,0,0,1,0,0,0,0,0
2024-06-12 13:10:06,534,534,0,0,0,1,0,0,0,0,0
2024-06-12 13:10:06,535,535,0,0,0,1,0,0,0,0,0
2024-06-12 13:10:06,536,536,0,0,0,1,0,0,0,0,0
2024-06-12 13:10:06,537,537,0,0,0,1,0,0,0,0,0
2024-06-12 13:10:06,538,538,0,0,0,1,0,0,0,0,0
2024-06-12 13:10:06,539,539,0,0,0,1,0,0,0,0,0
2024-06-12 13:10:06,540,540,0,0,0,1,0,0,0,0,0
2024-06-12 13:10:06,541,541,0,0,0,1,0,0,0,0,0
2024-06-12 13:10:06,542,542,0,0,0,1,0,0,0,0,0
2024-06-12 13:10:06,543,543,0,0,0,1,0,0,0,0,0
2024-06-12 13:10:06,544,544,0,1,0,1,0,0,0,0,0
2024-06-12 13:10:06,545,545,0,0,0,1,0,0,0,0,0
2024-06-12 13:10:06,546,546,0,0,0,1,0,0,0,0,0
2024-06-12 13:10:06,547,547,0,0,0,1,0,0,0,0,0
2024-06-12 13:10:06,548,548,0,0,0,1,0,0,0,0,0
2024-06-12 13:10:06,549,549,0,0,0,1,0,0,0,0,0
2024-06-12 13:10:06,550,550,0,0,0,1,0,0,0,0,0
2024-06-12 13:10:06,551,551,0,0,0,1,0,0,0,0,0
2024-06-12 13:10:06,552,552,0,0,0,1,0,0,0,0,0
2024-06-12 13:10:06,553,553,0,0,0,1,0,0,0,0,0
2024-06-12 13:10:06,554,554,0,0,0,1,0,0,0,0,0
2024-06-12 13:10:06,555,555,0,0,0,1,0,0,0,0,0
2024-06-12 13:10:06,556,556,0,0,0,1,0,0,0,0,0
2024-06-12 13:10:06,557,557,0,0,0,1,0,0,0,0,0
2024-06-12 13:10:06,558,558,0,0,0,1,0,0,0,0,0
2024-06-12 13:10:06,559,559,0,0,0,1,0,0,0,0,0
2024-06-12 13:10:06,560,560,0,0,0,1,0,0,0,0,0
2024-06-12 13:10:06,561,561,0,0,0,1,0,0,0,0,0
2024-06-12 13:10:06,562,562,0,0,0,1,0,0,0,0,0
2024-06-12 13:10:06,563,563,0,0,0,1,0,0,0,0,0
2024-06-12 13:10:06,564,564,0,0,0,1,0,0,0,0,0
2024-06-12 13:10:06,565,565,0,0,0,1,0,0,0,0,0
2024-06-12 13:10:06,566,566,0,0,0,1,0,0,0,0,0
2024-06-12 13:10:06,567,567,0,0,0,1,0,0,0,0,0
2024-06-12 13:10:06,568,568,0,0,0,1,0,0,0,0,0
2024-06-12 13:10:06,569,569,0,0,0,1,0,0,0,0,0
2024-06-12 13:10:06,570,570,0,0,0,1,0,0,0,0,0
2024-06-12 13:10:06,571,571,0,0,0,1,0,0,0,0,0
2024-06-12 13:10:06,572,572,0,0,0,1,0,0,0,0,0
2024-06-12 13:10:06,573,573,0,0,0,1,0,0,0,0,0
2024-06-12 13:10:06,574,574,0,0,0,1,0,0,0,0,0
2024-06-12 13:10:06,575,575,0,0,0,1,0,0,0,0,0
2024-06-12 13:10:06,576,576,0,0,0,1,0,0,0,0,0
2024-06-12 13:10:06,577,577,0,0,0,1,0,0,0,0,0
2024-06-12 13:10:06,578,578,0,0,0,1,0,0,0,0,0
2024-06-12 13:10:06,579,579,0,0,0,1,0,0,0,0,0
2024-06-12 13:10:06,580,580,0,0,0,1,0,0,0,0,0
2024-06-12 13:10:06,581,581,0,0,0,1,0,0,0,0,0
2024-06-12 13:10:06,582,582,0,0,0,1,0,0,0,0,0
2024-06-12 13:10:06,583,583,0,0,0,1,0,0,0,0,0
2024-06-12 13:10:06,584,584,0,0,0,1,0,0,0,0,0
2024-06-12 13:10:06,585,585,0,0,0,1,0,0,0,0,0
2024-06-12 13:10:06,586,586,0,0,0,1,0,0,0,0,0
2024-06-12 13:10:06,587,587,0,0,0,1,0,0,0,0,0
2024-06-12 13:10:06,588,588,0,0,0,1,0,0,0,0,0
2024-06-12 13:10:06,589,589,0,0,0,1,0,0,0,0,0
2024-06-12 13:10:06,590,590,0,0,0,1,0,0,0,0,0
2024-06-12 13:10:06,591,591,0,0,0,1,0,0,0,0,0
2024-06-12 13:10:06,592,592,0,0,0,1,0,0,0,0,0
2024-06-12 13:10:06,593,593,0,0,0,1,0,0,0,0,0
2024-06-12 13:10:06,594,594,0,0,0,1,0,0,0,0,0
2024-06-12 13:10:06,595,595,0,0,0,1,0,0,0,0,0
2024-06-12 13:10:06,596,596,0,0,0,1,0,0,0,0,0
2024-06-12 13:10:06,597,597,0,0,0,1,0,0,0,0,0
2024-06-12 13:10:06,598,598,0,0,0,1,0,0,0,0,0
2024-06-12 13:10:06,599,599,0,0,0,1,0,0,0,0,0
2024-06-12 13:10:06,600,600,0,0,0,1,0,0,0,0,0
2024-06-12 13:10:06,601,601,0,0,0,1,0,0,0,0,0
2024-06-12 13:10:06,602,602,0,0,0,1,0,0,0,0,0
2024-06-12 13:10:06,603,603,0,0,0,1,0,0,0,0,0
2024-06-12 13:10:06,604,604,0,0,0,1,0,0,0,0,0
2024-06-12 13:10:06,605,605,0,0,0,1,0,0,0,0,0
2024-06-12 13:10:06,606,606,0,0,0,1,0,0,0,0,0
2024-06-12 13:10:06,607,607,0,0,0,1,0,0,0,0,0
2024-06-12 13:10:06,608,608,0,0,0,1,0,0,0,0,0
2024-06-12 13:10:06,609,609,0,0,0,1,0,0,0,0,0
2024-06-12 13:10:06,610,610,0,0,0,1,0,0,0,0,0
2024-06-12 13:10:06,611,611,0,0,0,1,0,0,0,0,0
2024-06-12 13:10:06,612,612,0,0,0,1,0,0,0,0,0
2024-06-12 13:10:06,613,613,0,0,0,1,0,0,0,0,0
2024-06-12 13:10:06,614,614,0,0,0,1,0,0,0,0,0
2024-06-12 13:10:06,615,615,0,0,0,1,0,0,0,0,0
2024-06-12 13:10:06,616,616,0,0,0,1,0,0,0,0,0
2024-06-12 13:10:06,617,617,0,0,0,1,0,0,0,0,0
2024-06-12 13:10:06,618,618,0,0,0,1,0,0,0,0,0
2024-06-12 13:10:06,619,619,0,0,0,1,0,0,0,0,0
2024-06-12 13:10:06,620,620,0,0,0,1,0,0,0,0,0
2024-06-12 13:10:06,621,621,0,0,0,1,0,0,0,0,0
2024-06-12 13:10:06,622,622,0,0,0,1,0,0,0,0,0
2024-06-12 13:10:06,623,623,0,0,0,1,0,0,0,0,0
2024-06-12 13:10:06,624,624,0,0,0,1,0,0,0,0,0
2024-06-12 13:10:06,625,625,0,1,0,1,0,0,0,0,0
2024-06-12 13:10:06,626,626,0,0,0,1,0,0,0,0,0
2024-06-12 13:10:06,627,627,0,0,0,1,0,0,0,0,0
2024-06-12 13:10:06,628,628,0,0,0,1,0,0,0,0,0
2024-06-12 13:10:06,629,629,0,0,0,1,0,0,0,0,0
2024-06-12 13:10:06,630,630,0,0,0,1,0,0,0,0,0
2024-06-12 13:10:06,631,631,0,0,0,1,0,0,0,0,0
2024-06-12 13:10:06,632,632,0,0,0,1,0,0,0,0,0
2024-06-12 13:10:06,633,633,0,0,0,1,0,0,0,0,0
2024-06-12 13:10:06,634,634,0,0,0,1,0,0,0,0,0
2024-06-12 13:10:06,635,635,0,0,0,1,0,0,0,0,0
2024-06-12 13:10:06,636,636,0,0,0,1,0,0,0,0,0
2024-06-12 13:10:06,637,637,0,0,0,1,0,0,0,0,0
2024-06-12 13:10:06,638,638,0,0,0,1,0,0,0,0,0
2024-06-12 13:10:06,639,639,0,0,0,1,0,0,0,0,0
2024-06-12 13:10:06,640,640,0,0,0,1,0,0,0,0,0
2024-06-12 13:10:06,641,641,0,0,0,1,0,0,0,0,0
2024-06-12 13:10:06,642,642,0,0,0,1,0,0,0,0,0
2024-06-12 13:10:06,643,643,0,0,0,1,0,0,0,0,0
2024-06-12 13:10:06,644,644,0,0,0,1,0,0,0,0,0
2024-06-12 13:10:06,645,645,0,0,0,1,0,0,0,0,0
2024-06-12 13:10:06,646,646,0,0,0,1,0,0,0,0,0
2024-06-12 13:10:06,647,647,0,0,0,1,0,0,0,0,0
2024-06-12 13:10:06,648,648,0,0,0,1,0,0,0,0,0
2024-06-12 13:10:06,649,649,0,0,0,1,0,0,0,0,0
2024-06-12 13:10:06,650,650,0,0,0,1,0,0,0,0,0
2024-06-12 13:10:06,651,651,0,0,0,1,0,0,0,0,0
2024-06-12 13:10:06,652,652,0,0,0,1,0,0,0,0,0
2024-06-12 13:10:06,653,653,0,0,0,1,0,0,0,0,0
2024-06-12 13:10:06,654,654,0,0,0,1,0,0,0,0,0
2024-06-12 13:10:06,655,655,0,0,0,1,0,0,0,0,0
2024-06-12 13:10:06,656,656,0,0,0,1,0,0,0,0,0
2024-06-12 13:10:06,657,657,0,0,0,1,0,0,0,0,0
2024-06-12 13:10:06,658,658,0,0,0,1,0,0,0,0,0
2024-06-12 13:10:06,659,659,0,0,0,1,0,0,0,0,0
2024-06-12 13:10:06,660,660,0,0,0,1,0,0,0,0,0
2024-06-12 13:10:06,661,661,0,0,0,1,0,0,0,0,0
2024-06-12 13:10:06,662,662,0,0,0,1,0,0,0,0,0
2024-06-12 13:10:06,663,663,0,0,0,1,0,0,0,0,0
2024-06-12 13:10:06,664,664,0,0,0,1,0,0,0,0,0
2024-06-12 13:10:06,665,665,0,0,0,1,0,0,0,0,0
2024-06-12 13:10:06,666,666,0,0,0,1,0,0,0,0,0
2024-06-12 13:10:06,667,667,0,0,0,1,0,0,0,0,0
2024-06-12 13:10:06,668,668,0,0,0,1,0,0,0,0,0
2024-06-12 13:10:06,669,669,0,0,0,1,0,0,0,0,0
2024-06-12 13:10:06,670,670,0,0,0,1,0,0,0,0,0
2024-06-12 13:10:06,671,671,0,0,0,1,0,0,0,0,0
2024-06-12 13:10:06,672,672,0,0,0,1,0,0,0,0,0
2024-06-12 13:10:06,673,673,0,0,0,1,0,0,0,0,0
2024-06-12 13:10:06,674,674,0,0,0,1,0,0,0,0,0
2024-06-12 13:10:06,675,675,0,0,0,1,0,0,0,0,0
2024-06-12 13:10:06,676,676,0,0,0,1,0,0,0,0,0
2024-06-12 13:10:06,677,677,0,0,0,1,0,0,0,0,0
2024-06-12 13:10:06,678,678,0,0,0,1,0,0,0,0,0
2024-06-12 13:10:06,679,679,0,0,0,1,0,0,0,0,0
2024-06-12 13:10:06,680,680,0,0,0,1,0,0,0,0,0
2024-06-12 13:10:06,681,681,0,0,0,1,0,0,0,0,0
2024-06-12 13:10:06,682,682,0,0,0,1,0,0,0,0,0
2024-06-12 13:10:06,683,683,0,0,0,1,0,0,0,0,0
2024-06-12 13:10:06,684,684,0,0,0,1,0,0,0,0,0
2024-06-12 13:10:06,685,685,0,0,0,1,0,0,0,0,0
2024-06-12 13:10:06,686,686,0,0,0,1,0,0,0,0,0
2024-06-12 13:10:06,687,687,0,0,0,1,0,0,0,0,0
2024-06-12 13:10:06,688,688,0,0,0,1,0,0,0,0,0
2024-06-12 13:10:06,689,689,0,0,0,1,0,0,0,0,0
2024-06-12 13:10:06,690,690,0,0,0,1,0,0,0,0,0
2024-06-12 13:10:06,691,691,0,0,0,1,0,0,0,0,0
2024-06-12 13:10:06,692,692,0,0,0,1,0,0,0,0,0
2024-06-12 13:10:06,693,693,0,0,0,1,0,0,0,0,0
2024-06-12 13:10:06,694,694,0,0,0,1,0,0,0,0,0
2024-06-12 13:10:06,695,695,0,0,0,1,0,0,0,0,0
2024-06-12 13:10:06,696,696,0,0,0,1,0,0,0,0,0
2024-06-12 13:10:06,697,697,0,0,0,1,0,0,0,0,0
2024-06-12 13:10:06,698,698,0,0,0,1,0,0,0,0,0
2024-06-12 13:10:06,699,699,0,0,0,1,0,0,0,0,0
2024-06-12 13:10:06,700,700,0,0,0,1,0,0,0,0,0
2024-06-12 13:10:06,701,701,0,0,0,1,0,0,0,0,0
2024-06-12 13:10:06,702,702,0,0,0,1,0,0,0,0,0
2024-06-12 13:10:06,703,703,0,0,0,1,0,0,0,0,0
2024-06-12 13:10:06,704,704,0,0,0,1,0,0,0,0,0
2024-06-12 13:10:06,705,705,0,0,0,1,0,0,0,0,0
2024-06-12 13:10:06,706,706,0,0,0,1,0,0,0,0,0
2024-06-12 13:10:06,707,707,0,0,0,1,0,0,0,0,0
2024-06-12 13:10:06,708,708,0,0,0,1,0,0,0,0,0
2024-06-12 13:10:06,709,709,0,0,0,1,0,0,0,0,0
2024-06-12 13:10:06,710,710,0,0,0,1,0,0,0,0,0
2024-06-12 13:10:06,711,711,0,0,0,1,0,0,0,0,0
2024-06-12 13:10:06,712,712,0,0,0,1,0,0,0,0,0
2024-06-12 13:10:06,713,713,0,0,0,1,0,0,0,0,0
2024-06-12 13:10:06,714,714,0,0,0,1,0,0,0,0,0
2024-06-12 13:10:06,715,715,0,0,0,1,0,0,0,0,0
2024-06-12 13:10:06,716,716,0,0,0,1,0,0,0,0,0
2024-06-12 13:10:06,717,717,0,0,0,1,0,0,0,0,0
2024-06-12 13:10:06,718,718,0,0,0,1,0,0,0,0,0
2024-06-12 13:10:06,719,719,0,0,0,1,0,0,0,0,0
2024-06-12 13:10:06,720,720,0,0,0,1,0,0,0,0,0
2024-06-12 13:10:06,721,721,0,0,0,1,0,0,0,0,0
2024-06-12 13:10:06,722,722,0,0,0,1,0,0,0,0,0
2024-06-12 13:10:06,723,723,0,0,0,1,0,0,0,0,0
2024-06-12 13:10:06,724,724,0,0,0,1,0,0,0,0,0
2024-06-12 13:10:06,725,725,0,0,0,1,0,0,0,0,0
2024-06-12 13:10:06,726,726,0,0,0,1,0,0,0,0,0
2024-06-12 13:10:06,727,727,0,0,0,1,0,0,0,0,0
2024-06-12 13:10:06,728,728,0,0,0,1,0,0,0,0,0
2024-06-12 13:10:06,729,729,0,0,0,1,0,0,0,0,0
2024-06-12 13:10:06,730,730,0,0,0,1,0,0,0,0,0
2024-06-12 13:10:06,731,731,0,0,0,1,0,0,0,0,0
2024-06-12 13:10:06,732,732,0,0,0,1,0,0,0,0,0
2024-06-12 13:10:06,733,733,0,0,0,1,0,0,0,0,0
2024-06-12 13:10:06,734,734,0,0,0,1,0,0,0,0,0
2024-06-12 13:10:06,735,735,0,0,0,1,0,0,0,0,0
2024-06-12 13:10:06,736,736,0,0,0,1,0,0,0,0,0
2024-06-12 13:10:06,737,737,0,0,0,1,0,0,0,0,0
2024-06-12 13:10:06,738,738,0,0,0,1,0,0,0,0,0
2024-06-12 13:10:06,739,739,0,0,0,1,0,0,0,0,0
2024-06-12 13:10:06,740,740,0,0,0,1,0,0,0,0,0
2024-06-12 13:10:06,741,741,0,0,0,1,0,0,0,0,0
2024-06-12 13:10:06,742,742,0,0,0,1,0,0,0,0,0
2024-06-12 13:10:06,743,743,0,0,0,1,0,0,0,0,0
2024-06-12 13:10:06,744,744,0,0,0,1,0,0,0,0,0
2024-06-12 13:10:06,745,745,0,0,0,1,0,0,0,0,0
2024-06-12 13:10:06,746,746,0,1,0,1,0,0,0,0,0
2024-06-12 13:10:06,747,747,0,0,0,1,0,0,0,0,0
2024-06-12 13:10:06,748,748,0,0,0,1,0,0,0,0,0
2024-06-12 13:10:06,749,749,0,0,0,1,0,0,0,0,0
2024-06-12 13:10:06,750,750,0,0,0,1,0,0,0,0,0
2024-06-12 13:10:06,751,751,0,0,0,1,0,0,0,0,0
2024-06-12 13:10:06,752,752,0,0,0,1,0,0,0,0,0
2024-06-12 13:10:06,753,753,0,0,0,1,0,0,0,0,0
2024-06-12 13:10:06,754,754,0,0,0,1,0,0,0,0,0
2024-06-12 13:10:06,755,755,0,0,0,1,0,0,0,0,0
2024-06-12 13:10:06,756,756,0,0,0,1,0,0,0,0,0
2024-06-12 13:10:06,757,757,0,0,0,1,0,0,0,0,0
2024-06-12 13:10:06,758,758,0,0,0,1,0,0,0,0,0
2024-06-12 13:10:06,759,759,0,0,0,1,0,0,0,0,0
2024-06-12 13:10:06,760,760,0,0,0,1,0,0,0,0,0
2024-06-12 13:10:06,761,761,0,0,0,1,0,0,0,0,0
2024-06-12 13:10:06,762,762,0,0,0,1,0,0,0,0,0
2024-06-12 13:10:06,763,763,0,0,0,1,0,0,0,0,0
2024-06-12 13:10:06,764,764,0,0,0,1,0,0,0,0,0
2024-06-12 13:10:06,765,765,0,0,0,1,0,0,0,0,0
2024-06-12 13:10:06,766,766,0,0,0,1,0,0,0,0,0
2024-06-12 13:10:06,767,767,0,0,0,1,0,0,0,0,0
2024-06-12 13:10:06,768,768,0,0,0,1,0,0,0,0,0
2024-06-12 13:10:06,769,769,0,0,0,1,0,0,0,0,0
2024-06-12 13:10:06,770,770,0,0,0,1,0,0,0,0,0
2024-06-12 13:10:06,771,771,0,0,0,1,0,0,0,0,0
2024-06-12 13:10:06,772,772,0,0,0,1,0,0,0,0,0
2024-06-12 13:10:06,773,773,0,0,0,1,0,0,0,0,0
2024-06-12 13:10:06,774,774,0,0,0,1,0,0,0,0,0
2024-06-12 13:10:06,775,775,0,0,0,1,0,0,0,0,0
2024-06-12 13:10:06,776,776,0,0,0,1,0,0,0,0,0
2024-06-12 13:10:06,777,777,0,0,0,1,0,0,0,0,0
2024-06-12 13:10:06,778,778,0,0,0,1,0,0,0,0,0
2024-06-12 13:10:06,779,779,0,0,0,1,0,0,0,0,0
2024-06-12 13:10:06,780,780,0,0,0,1,0,0,0,0,0
2024-06-12 13:10:06,781,781,0,0,0,1,0,0,0,0,0
2024-06-12 13:10:06,782,782,0,0,0,1,0,0,0,0,0
2024-06-12 13:10:06,783,783,0,0,0,1,0,0,0,0,0
2024-06-12 13:10:06,784,784,0,0,0,1,0,0,0,0,0
2024-06-12 13:10:06,785,785,0,0,0,1,0,0,0,0,0
2024-06-12 13:10:06,786,786,0,0,0,1,0,0,0,0,0
2024-06-12 13:10:06,787,787,0,0,0,1,0,0,0,0,0
2024-06-12 13:10:06,788,788,0,0,0,1,0,0,0,0,0
2024-06-12 13:10:06,789,789,0,0,0,1,0,0,0,0,0
2024-06-12 13:10:06,790,790,0,0,0,1,0,0,0,0,0
2024-06-12 13:10:06,791,791,0,0,0,1,0,0,0,0,0
2024-06-12 13:10:06,792,792,0,0,0,1,0,0,0,0,0
2024-06-12 13:10:06,793,793,0,0,0,1,0,0,0,0,0
2024-06-12 13:10:06,794,794,0,0,0,1,0,0,0,0,0
2024-06-12 13:10:06,795,795,0,0,0,1,0,0,0,0,0
2024-06-12 13:10:06,796,796,0,0,0,1,0,0,0,0,0
2024-06-12 13:10:06,797,797,0,0,0,1,0,0,0,0,0
2024-06-12 13:10:06,798,798,0,0,0,1,0,0,0,0,0
2024-06-12 13:10:06,799,799,0,0,0,1,0,0,0,0,0
2024-06-12 13:10:06,800,800,0,0,0,1,0,0,0,0,0
2024-06-12 13:10:06,801,801,0,0,0,1,0,0,0,0,0
2024-06-12 13:10:06,802,802,0,0,0,1,0,0,0,0,0
2024-06-12 13:10:06,803,803,0,0,0,1,0,0,0,0,0
2024-06-12 13:10:06,804,804,0,0,0,1,0,0,0,0,0
2024-06-12 13:10:06,805,805,0,0,0,1,0,0,0,0,0
2024-06-12 13:10:06,806,806,0,0,0,1,0,0,0,0,0
2024-06-12 13:10:06,807,807,0,0,0,1,0,0,0,0,0
2024-06-12 13:10:06,808,808,0,0,0,1,0,0,0,0,0
2024-06-12 13:10:06,809,809,0,0,0,1,0,0,0,0,0
2024-06-12 13:10:06,810,810,0,0,0,1,0,0,0,0,0
2024-06-12 13:10:06,811,811,0,0,0,1,0,0,0,0,0
2024-06-12 13:10:06,812,812,0,0,0,1,0,0,0,0,0
2024-06-12 13:10:06,813,813,0,0,0,1,0,0,0,0,0
2024-06-12 13:10:06,814,814,0,0,0,1,0,0,0,0,0
2024-06-12 13:10:06,815,815,0,0,0,1,0,0,0,0,0
2024-06-12 13:10:06,816,816,0,0,0,1,0,0,0,0,0
2024-06-12 13:10:06,817,817,0,0,0,1,0,0,0,0,0
2024-06-12 13:10:06,818,818,0,0,0,1,0,0,0,0,0
2024-06-12 13:10:06,819,819,0,0,0,1,0,0,0,0,0
2024-06-12 13:10:06,820,820,0,0,0,1,0,0,0,0,0
2024-06-12 13:10:06,821,821,0,0,0,1,0,0,0,0,0
2024-06-12 13:10:06,822,822,0,0,0,1,0,0,0,0,0
2024-06-12 13:10:06,823,823,0,0,0,1,0,0,0,0,0
2024-06-12 13:10:06,824,824,0,0,0,1,0,0,0,0,0
2024-06-12 13:10:06,825,825,0,0,0,1,0,0,0,0,0
2024-06-12 13:10:06,826,826,0,0,0,1,0,0,0,0,0
2024-06-12 13:10:06,827,827,0,1,0,1,0,0,0,0,0
2024-06-12 13:10:06,828,828,0,0,0,1,0,0,0,0,0
2024-06-12 13:10:06,829,829,0,0,0,1,0,0,0,0,0
2024-06-12 13:10:06,830,830,0,0,0,1,0,0,0,0,0
2024-06-12 13:10:06,831,831,0,0,0,1,0,0,0,0,0
2024-06-12 13:10:06,832,832,0,0,0,1,0,0,0,0,0
2024-06-12 13:10:06,833,833,0,0,0,1,0,0,0,0,0
2024-06-12 13:10:06,834,834,0,0,0,1,0,0,0,0,0
2024-06-12 13:10:06,835,835,0,0,0,1,0,0,0,0,0
2024-06-12 13:10:06,836,836,0,0,0,1,0,0,0,0,0
2024-06-12 13:10:06,837,837,0,0,0,1,0,0,0,0,0
2024-06-12 13:10:06,838,838,0,0,0,1,0,0,0,0,0
2024-06-12 13:10:06,839,839,0,0,0,1,0,0,0,0,0
2024-06-12 13:10:06,840,840,0,0,0,1,0,0,0,0,0
2024-06-12 13:10:06,841,841,0,0,0,1,0,0,0,0,0
2024-06-12 13:10:06,842,842,0,0,0,1,0,0,0,0,0
2024-06-12 13:10:06,843,843,0,0,0,1,0,0,0,0,0
2024-06-12 13:10:06,844,844,0,0,0,1,0,0,0,0,0
2024-06-12 13:10:06,845,845,0,0,0,1,0,0,0,0,0
2024-06-12 13:10:06,846,846,0,0,0,1,0,0,0,0,0
2024-06-12 13:10:06,847,847,0,0,0,1,0,0,0,0,0
2024-06-12 13:10:06,848,848,0,0,0,1,0,0,0,0,0
2024-06-12 13:10:06,849,849,0,0,0,1,0,0,0,0,0
2024-06-12 13:10:06,850,850,0,0,0,1,0,0,0,0,0
2024-06-12 13:10:06,851,851,0,0,0,1,0,0,0,0,0
2024-06-12 13:10:06,852,852,0,0,0,1,0,0,0,0,0
2024-06-12 13:10:06,853,853,0,0,0,1,0,0,0,0,0
2024-06-12 13:10:06,854,854,0,0,0,1,0,0,0,0,0
2024-06-12 13:10:06,855,855,0,0,0,1,0,0,0,0,0
2024-06-12 13:10:06,856,856,0,0,0,1,0,0,0,0,0
2024-06-12 13:10:06,857,857,0,0,0,1,0,0,0,0,0
2024-06-12 13:10:06,858,858,0,0,0,1,0,0,0,0,0
2024-06-12 13:10:06,859,859,0,0,0,1,0,0,0,0,0
2024-06-12 13:10:06,860,860,0,0,0,1,0,0,0,0,0
2024-06-12 13:10:06,861,861,0,0,0,1,0,0,0,0,0
2024-06-12 13:10:06,862,862,0,0,0,1,0,0,0,0,0
2024-06-12 13:10:06,863,863,0,0,0,1,0,0,0,0,0
2024-06-12 13:10:06,864,864,0,0,0,1,0,0,0,0,0
2024-06-12 13:10:06,865,865,0,0,0,1,0,0,0,0,0
2024-06-12 13:10:06,866,866,0,0,0,1,0,0,0,0,0
2024-06-12 13:10:06,867,867,0,0,0,1,0,0,0,0,0
2024-06-12 13:10:06,868,868,0,0,0,1,0,0,0,0,0
2024-06-12 13:10:06,869,869,0,0,0,1,0,0,0,0,0
2024-06-12 13:10:06,870,870,0,0,0,1,0,0,0,0,0
2024-06-12 13:10:06,871,871,0,0,0,1,0,0,0,0,0
2024-06-12 13:10:06,872,872,0,0,0,1,0,0,0,0,0
2024-06-12 13:10:06,873,873,0,0,0,1,0,0,0,0,0
2024-06-12 13:10:06,874,874,0,0,0,1,0,0,0,0,0
2024-06-12 13:10:06,875,875,0,0,0,1,0,0,0,0,0
2024-06-12 13:10:06,876,876,0,0,0,1,0,0,0,0,0
2024-06-12 13:10:06,877,877,0,0,0,1,0,0,0,0,0
2024-06-12 13:10:06,878,878,0,0,0,1,0,0,0,0,0
2024-06-12 13:10:06,879,879,0,0,0,1,0,0,0,0,0
2024-06-12 13:10:06,880,880,0,0,0,1,0,0,0,0,0
2024-06-12 13:10:06,881,881,0,0,0,1,0,0,0,0,0
2024-06-12 13:10:06,882,882,0,0,0,1,0,0,0,0,0
2024-06-12 13:10:06,883,883,0,0,0,1,0,0,0,0,0
2024-06-12 13:10:06,884,884,0,0,0,1,0,0,0,0,0
2024-06-12 13:10:06,885,885,0,0,0,1,0,0,0,0,0
2024-06-12 13:10:06,886,886,0,0,0,1,0,0,0,0,0
2024-06-12 13:10:06,887,887,0,0,0,1,0,0,0,0,0
2024-06-12 13:10:06,888,888,0,0,0,1,0,0,0,0,0
2024-06-12 13:10:06,889,889,0,0,0,1,0,0,0,0,0
2024-06-12 13:10:06,890,890,0,0,0,1,0,0,0,0,0
2024-06-12 13:10:06,891,891,0,0,0,1,0,0,0,0,0
2024-06-12 13:10:06,892,892,0,0,0,1,0,0,0,0,0
2024-06-12 13:10:06,893,893,0,0,0,1,0,0,0,0,0
2024-06-12 13:10:06,894,894,0,0,0,1,0,0,0,0,0
2024-06-12 13:10:06,895,895,0,0,0,1,0,0,0,0,0
2024-06-12 13:10:06,896,896,0,0,0,1,0,0,0,0,0
2024-06-12 13:10:06,897,897,0,0,0,1,0,0,0,0,0
2024-06-12 13:10:06,898,898,0,0,0,1,0,0,0,0,0
2024-06-12 13:10:06,899,899,0,0,0,1,0,0,0,0,0
2024-06-12 13:10:06,900,900,0,0,0,1,0,0,0,0,0
2024-06-12 13:10:06,901,901,0,0,0,1,0,0,0,0,0
2024-06-12 13:10:06,902,902,0,0,0,1,0,0,0,0,0
2024-06-12 13:10:06,903,903,0,0,0,1,0,0,0,0,0
2024-06-12 13:10:06,904,904,0,0,0,1,0,0,0,0,0
2024-06-12 13:10:06,905,905,0,0,0,1,0,0,0,0,0
2024-06-12 13:10:06,906,906,0,0,0,1,0,0,0,0,0
2024-06-12 13:10:06,907,907,0,0,0,1,0,0,0,0,0
2024-06-12 13:10:06,908,908,0,0,0,1,0,0,0,0,0
2024-06-12 13:10:06,909,909,0,0,0,1,0,0,0,0,0
2024-06-12 13:10:06,910,910,0,0,0,1,0,0,0,0,0
2024-06-12 13:10:06,911,911,0,0,0,1,0,0,0,0,0
2024-06-12 13:10:06,912,912,0,0,0,1,0,0,0,0,0
2024-06-12 13:10:06,913,913,0,0,0,1,0,0,0,0,0
2024-06-12 13:10:06,914,914,0,0,0,1,0,0,0,0,0
2024-06-12 13:10:06,915,915,0,0,0,1,0,0,0,0,0
2024-06-12 13:10:06,916,916,0,0,0,1,0,0,0,0,0
2024-06-12 13:10:06,917,917,0,0,0,1,0,0,0,0,0
2024-06-12 13:10:06,918,918,0,0,0,1,0,0,0,0,0
2024-06-12 13:10:06,919,919,0,0,0,1,0,0,0,0,0
2024-06-12 13:10:06,920,920,0,0,0,1,0,0,0,0,0
2024-06-12 13:10:06,921,921,0,0,0,1,0,0,0,0,0
2024-06-12 13:10:06,922,922,0,0,0,1,0,0,0,0,0
2024-06-12 13:10:06,923,923,0,0,0,1,0,0,0,0,0
2024-06-12 13:10:06,924,924,0,0,0,1,0,0,0,0,0
2024-06-12 13:10:06,925,925,0,0,0,1,0,0,0,0,0
2024-06-12 13:10:06,926,926,0,0,0,1,0,0,0,0,0
2024-06-12 13:10:06,927,927,0,0,0,1,0,0,0,0,0
2024-06-12 13:10:06,928,928,0,0,0,1,0,0,0,0,0
2024-06-12 13:10:06,929,929,0,0,0,1,0,0,0,0,0
2024-06-12 13:10:06,930,930,0,0,0,1,0,0,0,0,0
2024-06-12 13:10:06,931,931,0,0,0,1,0,0,0,0,0
2024-06-12 13:10:06,932,932,0,0,0,1,0,0,0,0,0
2024-06-12 13:10:06,933,933,0,0,0,1,0,0,0,0,0
2024-06-12 13:10:06,934,934,0,0,0,1,0,0,0,0,0
2024-06-12 13:10:06,935,935,0,0,0,1,0,0,0,0,0
2024-06-12 13:10:06,936,936,0,0,0,1,0,0,0,0,0
2024-06-12 13:10:06,937,937,0,0,0,1,0,0,0,0,0
2024-06-12 13:10:06,938,938,0,0,0,1,0,0,0,0,0
2024-06-12 13:10:06,939,939,0,0,0,1,0,0,0,0,0
2024-06-12 13:10:06,940,940,0,0,0,1,0,0,0,0,0
2024-06-12 13:10:06,941,941,0,0,0,1,0,0,0,0,0
2024-06-12 13:10:06,942,942,0,0,0,1,0,0,0,0,0
2024-06-12 13:10:06,943,943,0,0,0,1,0,0,0,0,0
2024-06-12 13:10:06,944,944,0,0,0,1,0,0,0,0,0
2024-06-12 13:10:06,945,945,0,0,0,1,0,0,0,0,0
2024-06-12 13:10:06,946,946,0,0,0,1,0,0,0,0,0
2024-06-12 13:10:06,947,947,0,0,0,1,0,0,0,0,0
2024-06-12 13:10:06,948,948,0,1,0,1,0,0,0,0,0
2024-06-12 13:10:06,949,949,0,0,0,1,0,0,0,0,0
2024-06-12 13:10:06,950,950,0,0,0,1,0,0,0,0,0
2024-06-12 13:10:06,951,951,0,0,0,1,0,0,0,0,0
2024-06-12 13:10:06,952,952,0,0,0,1,0,0,0,0,0
2024-06-12 13:10:06,953,953,0,0,0,1,0,0,0,0,0
2024-06-12 13:10:06,954,954,0,0,0,1,0,0,0,0,0
2024-06-12 13:10:06,955,955,0,0,0,1,0,0,0,0,0
2024-06-12 13:10:06,956,956,0,0,0,1,0,0,0,0,0
2024-06-12 13:10:06,957,957,0,0,0,1,0,0,0,0,0
2024-06-12 13:10:06,958,958,0,0,0,1,0,0,0,0,0
2024-06-12 13:10:06,959,959,0,0,0,1,0,0,0,0,0
2024-06-12 13:10:06,960,960,0,0,0,1,0,0,0,0,0
2024-06-12 13:10:06,961,961,0,0,0,1,0,0,0,0,0
2024-06-12 13:10:06,962,962,0,0,0,1,0,0,0,0,0
2024-06-12 13:10:06,963,963,0,0,0,1,0,0,0,0,0
2024-06-12 13:10:06,964,964,0,0,0,1,0,0,0,0,0
2024-06-12 13:10:06,965,965,0,0,0,1,0,0,0,0,0
2024-06-12 13:10:06,966,966,0,0,0,1,0,0,0,0,0
2024-06-12 13:10:06,967,967,0,0,0,1,0,0,0,0,0
2024-06-12 13:10:06,968,968,0,0,0,1,0,0,0,0,0
2024-06-12 13:10:06,969,969,0,0,0,1,0,0,0,0,0
2024-06-12 13:10:06,970,970,0,0,0,1,0,0,0,0,0
2024-06-12 13:10:06,971,971,0,0,0,1,0,0,0,0,0
2024-06-12 13:10:06,972,972,0,0,0,1,0,0,0,0,0
2024-06-12 13:10:06,973,973,0,0,0,1,0,0,0,0,0
2024-06-12 13:10:06,974,974,0,0,0,1,0,0,0,0,0
2024-06-12 13:10:06,975,975,0,0,0,1,0,0,0,0,0
2024-06-12 13:10:06,976,976,0,0,0,1,0,0,0,0,0
2024-06-12 13:10:06,977,977,0,0,0,1,0,0,0,0,0
2024-06-12 13:10:06,978,978,0,0,0,1,0,0,0,0,0
2024-06-12 13:10:06,979,979,0,0,0,1,0,0,0,0,0
2024-06-12 13:10:06,980,980,0,0,0,1,0,0,0,0,0
2024-06-12 13:10:06,981,981,0,0,0,1,0,0,0,0,0
2024-06-12 13:10:06,982,982,0,0,0,1,0,0,0,0,0
2024-06-12 13:10:06,983,983,0,0,0,1,0,0,0,0,0
2024-06-12 1