time,test_tx,bus_id,nodeId,adc_ch,index,sub_index,adc_data,adc_data_converted,reqmsg,requestreg,respmsg,responsereg,status
63975.16608095169,1,1,1,3,0x2400,1,45,0.010986328125,1,0x601402400010100000000000,1,0x581432400010100002d00000,1
63975.23162961006,1,1,1,4,0x2400,2,18,0.00439453125,1,0x601402400020100000000000,1,0x581432400020100001200000,1
63975.297350645065,1,1,1,5,0x2400,3,10,0.00244140625,1,0x601402400030100000000000,1,0x581432400030100000a00000,1
63975.363367795944,1,1,1,6,0x2400,4,45,0.010986328125,1,0x601402400040100000000000,1,0x581432400040100002d00000,1
63975.42899107933,1,1,1,7,0x2400,5,69,0.016845703125,1,0x601402400050100000000000,1,0x581432400050100004500000,1
63975.49465584755,1,1,1,8,0x2400,6,81,0.019775390625,1,0x601402400060100000000000,1,0x581432400060100005100000,1
63975.56298542023,1,1,1,9,0x2400,7,13,0.003173828125,1,0x601402400070100000000000,1,0x581432400070100000d00000,1
63975.63019347191,1,1,1,10,0x2400,8,14,0.00341796875,1,0x601402400080100000000000,1,0x581432400080100000e00000,1
63975.69730710983,1,1,1,11,0x2400,9,0,0.0,1,0x601402400090100000000000,1,0x581432400090100000000000,1
63975.764575481415,1,1,1,12,0x2400,A,0,0.0,1,0x6014024000a0100000000000,1,0x5814324000a0100000000000,1
63975.83301091194,1,1,1,13,0x2400,B,0,0.0,1,0x6014024000b0100000000000,1,0x5814324000b0100000000000,1
63975.89950084686,1,1,1,14,0x2400,C,0,0.0,1,0x6014024000c0100000000000,1,0x5814324000c0100000000000,1
63975.96531009674,1,1,1,15,0x2400,D,0,0.0,1,0x6014024000d0100000000000,1,0x5814324000d0100000000000,1
63976.03083586693,1,1,1,16,0x2400,E,0,0.0,1,0x6014024000e0100000000000,1,0x5814324000e0100000000000,1
63976.09648156166,1,1,1,17,0x2400,F,0,0.0,1,0x6014024000f0100000000000,1,0x5814324000f0100000000000,1
63976.161955833435,1,1,1,18,0x2400,10,64,0.015625,1,0x601402400100100000000000,1,0x581432400100100004000000,1
63976.22770833969,1,1,1,19,0x2400,11,13,0.003173828125,1,0x601402400110100000000000,1,0x581432400110100000d00000,1
63976.29344725609,1,1,1,20,0x2400,12,17,0.004150390625,1,0x601402400120100000000000,1,0x581432400120100001100000,1
63976.361038684845,1,1,1,21,0x2400,13,73,0.017822265625,1,0x601402400130100000000000,1,0x581432400130100004900000,1
63976.4285364151,1,1,1,22,0x2400,14,64,0.015625,1,0x601402400140100000000000,1,0x581432400140100004000000,1
63976.49686551094,1,1,1,23,0x2400,15,82,0.02001953125,1,0x601402400150100000000000,1,0x581432400150100005200000,1
63976.56577825546,1,1,1,24,0x2400,16,0,0.0,1,0x601402400160100000000000,1,0x581432400160100000000000,1
63976.63201546669,1,1,1,25,0x2400,17,18,0.00439453125,1,0x601402400170100000000000,1,0x581432400170100001200000,1
63976.698204278946,1,1,1,26,0x2400,18,6,0.00146484375,1,0x601402400180100000000000,1,0x581432400180100000600000,1
63976.76355242729,1,1,1,27,0x2400,19,49,0.011962890625,1,0x601402400190100000000000,1,0x581432400190100003100000,1
63976.82928657532,1,1,1,28,0x2400,1A,14,0.00341796875,1,0x6014024001a0100000000000,1,0x5814324001a0100000e00000,1
63976.895031929016,1,1,1,29,0x2400,1B,32,0.0078125,1,0x6014024001b0100000000000,1,0x5814324001b0100002000000,1
63976.96043586731,1,1,1,30,0x2400,1C,9,0.002197265625,1,0x6014024001c0100000000000,1,0x5814324001c0100000900000,1
63977.02595281601,1,1,1,31,0x2400,1D,18,0.00439453125,1,0x6014024001d0100000000000,1,0x5814324001d0100001200000,1
63977.09124469757,1,1,1,32,0x2400,1E,18,0.00439453125,1,0x6014024001e0100000000000,1,0x5814324001e0100001200000,1
63977.15680170059,1,1,1,33,0x2400,1F,8,0.001953125,1,0x6014024001f0100000000000,1,0x5814324001f0100000800000,1
63977.222316503525,1,1,1,34,0x2400,20,5,0.001220703125,1,0x601402400200100000000000,1,0x581432400200100000500000,1
63978.068551540375,1,1,1,3,0x2400,1,77,0.018798828125,1,0x601402400010100000000000,1,0x581432400010100004d00000,1
63978.1358692646,1,1,1,4,0x2400,2,44,0.0107421875,1,0x601402400020100000000000,1,0x581432400020100002c00000,1
63978.20126128197,1,1,1,5,0x2400,3,16,0.00390625,1,0x601402400030100000000000,1,0x581432400030100001000000,1
63978.26665210724,1,1,1,6,0x2400,4,18,0.00439453125,1,0x601402400040100000000000,1,0x581432400040100001200000,1
63978.332181215286,1,1,1,7,0x2400,5,80,0.01953125,1,0x601402400050100000000000,1,0x581432400050100005000000,1
63978.39767050743,1,1,1,8,0x2400,6,10,0.00244140625,1,0x601402400060100000000000,1,0x581432400060100000a00000,1
63978.46326088905,1,1,1,9,0x2400,7,64,0.015625,1,0x601402400070100000000000,1,0x581432400070100004000000,1
63978.52938723564,1,1,1,10,0x2400,8,13,0.003173828125,1,0x601402400080100000000000,1,0x581432400080100000d00000,1
63978.59515070915,1,1,1,11,0x2400,9,0,0.0,1,0x601402400090100000000000,1,0x581432400090100000000000,1
63978.6607363224,1,1,1,12,0x2400,A,0,0.0,1,0x6014024000a0100000000000,1,0x5814324000a0100000000000,1
63978.726037979126,1,1,1,13,0x2400,B,0,0.0,1,0x6014024000b0100000000000,1,0x5814324000b0100000000000,1
63978.794966220856,1,1,1,14,0x2400,C,0,0.0,1,0x6014024000c0100000000000,1,0x5814324000c0100000000000,1
63978.863328933716,1,1,1,15,0x2400,D,0,0.0,1,0x6014024000d0100000000000,1,0x5814324000d0100000000000,1
63978.93184685707,1,1,1,16,0x2400,E,0,0.0,1,0x6014024000e0100000000000,1,0x5814324000e0100000000000,1
63978.999697208405,1,1,1,17,0x2400,F,17,0.004150390625,1,0x6014024000f0100000000000,1,0x5814324000f0100001100000,1
63979.06549501419,1,1,1,18,0x2400,10,33,0.008056640625,1,0x601402400100100000000000,1,0x581432400100100002100000,1
63979.13127064705,1,1,1,19,0x2400,11,66,0.01611328125,1,0x601402400110100000000000,1,0x581432400110100004200000,1
63979.197274923325,1,1,1,20,0x2400,12,12,0.0029296875,1,0x601402400120100000000000,1,0x581432400120100000c00000,1
63979.26282453537,1,1,1,21,0x2400,13,9,0.002197265625,1,0x601402400130100000000000,1,0x581432400130100000900000,1
63979.32880473137,1,1,1,22,0x2400,14,96,0.0234375,1,0x601402400140100000000000,1,0x581432400140100006000000,1
63979.39431929588,1,1,1,23,0x2400,15,29,0.007080078125,1,0x601402400150100000000000,1,0x581432400150100001d00000,1
63979.460081100464,1,1,1,24,0x2400,16,15,0.003662109375,1,0x601402400160100000000000,1,0x581432400160100000f00000,1
63979.52603602409,1,1,1,25,0x2400,17,6,0.00146484375,1,0x601402400170100000000000,1,0x581432400170100000600000,1
63979.59496092796,1,1,1,26,0x2400,18,5,0.001220703125,1,0x601402400180100000000000,1,0x581432400180100000500000,1
63979.6637032032,1,1,1,27,0x2400,19,34,0.00830078125,1,0x601402400190100000000000,1,0x581432400190100002200000,1
63979.73285293579,1,1,1,28,0x2400,1A,10,0.00244140625,1,0x6014024001a0100000000000,1,0x5814324001a0100000a00000,1
63979.800978422165,1,1,1,29,0x2400,1B,33,0.008056640625,1,0x6014024001b0100000000000,1,0x5814324001b0100002100000,1
63979.86621451378,1,1,1,30,0x2400,1C,32,0.0078125,1,0x6014024001c0100000000000,1,0x5814324001c0100002000000,1
63979.93145060539,1,1,1,31,0x2400,1D,4,0.0009765625,1,0x6014024001d0100000000000,1,0x5814324001d0100000400000,1
63979.99672317505,1,1,1,32,0x2400,1E,6,0.00146484375,1,0x6014024001e0100000000000,1,0x5814324001e0100000600000,1
63980.0623857975,1,1,1,33,0x2400,1F,12,0.0029296875,1,0x6014024001f0100000000000,1,0x5814324001f0100000c00000,1
63980.12791824341,1,1,1,34,0x2400,20,6,0.00146484375,1,0x601402400200100000000000,1,0x581432400200100000600000,1
63980.97868847847,1,1,1,3,0x2400,1,1,0.000244140625,1,0x601402400010100000000000,1,0x581432400010100000100000,1
63981.046844005585,1,1,1,4,0x2400,2,29,0.007080078125,1,0x601402400020100000000000,1,0x581432400020100001d00000,1
63981.11284708977,1,1,1,5,0x2400,3,49,0.011962890625,1,0x601402400030100000000000,1,0x581432400030100003100000,1
63981.17896461487,1,1,1,6,0x2400,4,64,0.015625,1,0x601402400040100000000000,1,0x581432400040100004000000,1
63981.244279146194,1,1,1,7,0x2400,5,45,0.010986328125,1,0x601402400050100000000000,1,0x581432400050100002d00000,1
63981.31001710892,1,1,1,8,0x2400,6,42,0.01025390625,1,0x601402400060100000000000,1,0x581432400060100002a00000,1
63981.37571263313,1,1,1,9,0x2400,7,44,0.0107421875,1,0x601402400070100000000000,1,0x581432400070100002c00000,1
63981.44154381752,1,1,1,10,0x2400,8,6,0.00146484375,1,0x601402400080100000000000,1,0x581432400080100000600000,1
63981.50700998306,1,1,1,11,0x2400,9,0,0.0,1,0x601402400090100000000000,1,0x581432400090100000000000,1
63981.57269072533,1,1,1,12,0x2400,A,0,0.0,1,0x6014024000a0100000000000,1,0x5814324000a0100000000000,1
63981.6386950016,1,1,1,13,0x2400,B,0,0.0,1,0x6014024000b0100000000000,1,0x5814324000b0100000000000,1
63981.70611357689,1,1,1,14,0x2400,C,0,0.0,1,0x6014024000c0100000000000,1,0x5814324000c0100000000000,1
63981.77432322502,1,1,1,15,0x2400,D,0,0.0,1,0x6014024000d0100000000000,1,0x5814324000d0100000000000,1
63981.84271836281,1,1,1,16,0x2400,E,0,0.0,1,0x6014024000e0100000000000,1,0x5814324000e0100000000000,1
63981.91171693802,1,1,1,17,0x2400,F,45,0.010986328125,1,0x6014024000f0100000000000,1,0x5814324000f0100002d00000,1
63981.97717165947,1,1,1,18,0x2400,10,64,0.015625,1,0x601402400100100000000000,1,0x581432400100100004000000,1
63982.04270195961,1,1,1,19,0x2400,11,82,0.02001953125,1,0x601402400110100000000000,1,0x581432400110100005200000,1
63982.10819506645,1,1,1,20,0x2400,12,64,0.015625,1,0x601402400120100000000000,1,0x581432400120100004000000,1
63982.17354750633,1,1,1,21,0x2400,13,22,0.00537109375,1,0x601402400130100000000000,1,0x581432400130100001600000,1
63982.239419937134,1,1,1,22,0x2400,14,18,0.00439453125,1,0x601402400140100000000000,1,0x581432400140100001200000,1
63982.304943561554,1,1,1,23,0x2400,15,98,0.02392578125,1,0x601402400150100000000000,1,0x581432400150100006200000,1
63982.37047600746,1,1,1,24,0x2400,16,18,0.00439453125,1,0x601402400160100000000000,1,0x581432400160100001200000,1
63982.43587231636,1,1,1,25,0x2400,17,50,0.01220703125,1,0x601402400170100000000000,1,0x581432400170100003200000,1
63982.50143456459,1,1,1,26,0x2400,18,6,0.00146484375,1,0x601402400180100000000000,1,0x581432400180100000600000,1
63982.56798863411,1,1,1,27,0x2400,19,49,0.011962890625,1,0x601402400190100000000000,1,0x581432400190100003100000,1
63982.635202884674,1,1,1,28,0x2400,1A,19,0.004638671875,1,0x6014024001a0100000000000,1,0x5814324001a0100001300000,1
63982.70255160332,1,1,1,29,0x2400,1B,13,0.003173828125,1,0x6014024001b0100000000000,1,0x5814324001b0100000d00000,1
63982.770782232285,1,1,1,30,0x2400,1C,17,0.004150390625,1,0x6014024001c0100000000000,1,0x5814324001c0100001100000,1
63982.83806347847,1,1,1,31,0x2400,1D,1,0.000244140625,1,0x6014024001d0100000000000,1,0x5814324001d0100000100000,1
63982.90511846542,1,1,1,32,0x2400,1E,32,0.0078125,1,0x6014024001e0100000000000,1,0x5814324001e0100002000000,1
63982.97102022171,1,1,1,33,0x2400,1F,13,0.003173828125,1,0x6014024001f0100000000000,1,0x5814324001f0100000d00000,1
63983.03645372391,1,1,1,34,0x2400,20,16,0.00390625,1,0x601402400200100000000000,1,0x581432400200100001000000,1
63983.88308954239,1,1,1,3,0x2400,1,64,0.015625,1,0x601402400010100000000000,1,0x581432400010100004000000,1
63983.95032429695,1,1,1,4,0x2400,2,29,0.007080078125,1,0x601402400020100000000000,1,0x581432400020100001d00000,1
63984.017470121384,1,1,1,5,0x2400,3,0,0.0,1,0x601402400030100000000000,1,0x581432400030100000000000,1
63984.08474111557,1,1,1,6,0x2400,4,13,0.003173828125,1,0x601402400040100000000000,1,0x581432400040100000d00000,1
63984.15187501907,1,1,1,7,0x2400,5,70,0.01708984375,1,0x601402400050100000000000,1,0x581432400050100004600000,1
63984.21745276451,1,1,1,8,0x2400,6,38,0.00927734375,1,0x601402400060100000000000,1,0x581432400060100002600000,1
63984.28311467171,1,1,1,9,0x2400,7,14,0.00341796875,1,0x601402400070100000000000,1,0x581432400070100000e00000,1
63984.34880423546,1,1,1,10,0x2400,8,16,0.00390625,1,0x601402400080100000000000,1,0x581432400080100001000000,1
63984.4148952961,1,1,1,11,0x2400,9,0,0.0,1,0x601402400090100000000000,1,0x581432400090100000000000,1
63984.480789899826,1,1,1,12,0x2400,A,0,0.0,1,0x6014024000a0100000000000,1,0x5814324000a0100000000000,1
63984.54705762863,1,1,1,13,0x2400,B,0,0.0,1,0x6014024000b0100000000000,1,0x5814324000b0100000000000,1
63984.613142728806,1,1,1,14,0x2400,C,0,0.0,1,0x6014024000c0100000000000,1,0x5814324000c0100000000000,1
63984.6799724102,1,1,1,15,0x2400,D,0,0.0,1,0x6014024000d0100000000000,1,0x5814324000d0100000000000,1
63984.747211933136,1,1,1,16,0x2400,E,0,0.0,1,0x6014024000e0100000000000,1,0x5814324000e0100000000000,1
63984.8147354126,1,1,1,17,0x2400,F,32,0.0078125,1,0x6014024000f0100000000000,1,0x5814324000f0100002000000,1
63984.88272976875,1,1,1,18,0x2400,10,6,0.00146484375,1,0x601402400100100000000000,1,0x581432400100100000600000,1
63984.9512758255,1,1,1,19,0x2400,11,18,0.00439453125,1,0x601402400110100000000000,1,0x581432400110100001200000,1
63985.017345905304,1,1,1,20,0x2400,12,74,0.01806640625,1,0x601402400120100000000000,1,0x581432400120100004a00000,1
63985.082780361176,1,1,1,21,0x2400,13,82,0.02001953125,1,0x601402400130100000000000,1,0x581432400130100005200000,1
63985.14827132225,1,1,1,22,0x2400,14,26,0.00634765625,1,0x601402400140100000000000,1,0x581432400140100001a00000,1
63985.21334910393,1,1,1,23,0x2400,15,82,0.02001953125,1,0x601402400150100000000000,1,0x581432400150100005200000,1
63985.278802871704,1,1,1,24,0x2400,16,29,0.007080078125,1,0x601402400160100000000000,1,0x581432400160100001d00000,1
63985.3442902565,1,1,1,25,0x2400,17,13,0.003173828125,1,0x601402400170100000000000,1,0x581432400170100000d00000,1
63985.40995693207,1,1,1,26,0x2400,18,14,0.00341796875,1,0x601402400180100000000000,1,0x581432400180100000e00000,1
63985.47569847107,1,1,1,27,0x2400,19,48,0.01171875,1,0x601402400190100000000000,1,0x581432400190100003000000,1
63985.54207777977,1,1,1,28,0x2400,1A,18,0.00439453125,1,0x6014024001a0100000000000,1,0x5814324001a0100001200000,1
63985.61004972458,1,1,1,29,0x2400,1B,14,0.00341796875,1,0x6014024001b0100000000000,1,0x5814324001b0100000e00000,1
63985.67751574516,1,1,1,30,0x2400,1C,6,0.00146484375,1,0x6014024001c0100000000000,1,0x5814324001c0100000600000,1
63985.744923591614,1,1,1,31,0x2400,1D,14,0.00341796875,1,0x6014024001d0100000000000,1,0x5814324001d0100000e00000,1
63985.81315803528,1,1,1,32,0x2400,1E,13,0.003173828125,1,0x6014024001e0100000000000,1,0x5814324001e0100000d00000,1
63985.88012290001,1,1,1,33,0x2400,1F,1,0.000244140625,1,0x6014024001f0100000000000,1,0x5814324001f0100000100000,1
63985.946137189865,1,1,1,34,0x2400,20,33,0.008056640625,1,0x601402400200100000000000,1,0x581432400200100002100000,1
63986.78894352913,1,1,1,3,0x2400,1,37,0.009033203125,1,0x601402400010100000000000,1,0x581432400010100002500000,1
63986.854650735855,1,1,1,4,0x2400,2,26,0.00634765625,1,0x601402400020100000000000,1,0x581432400020100001a00000,1
63986.92241311073,1,1,1,5,0x2400,3,1,0.000244140625,1,0x601402400030100000000000,1,0x581432400030100000100000,1
63986.99066448212,1,1,1,6,0x2400,4,74,0.01806640625,1,0x601402400040100000000000,1,0x581432400040100004a00000,1
63987.057604551315,1,1,1,7,0x2400,5,9,0.002197265625,1,0x601402400050100000000000,1,0x581432400050100000900000,1
63987.125690460205,1,1,1,8,0x2400,6,49,0.011962890625,1,0x601402400060100000000000,1,0x581432400060100003100000,1
63987.19286584854,1,1,1,9,0x2400,7,14,0.00341796875,1,0x601402400070100000000000,1,0x581432400070100000e00000,1
63987.25807404518,1,1,1,10,0x2400,8,9,0.002197265625,1,0x601402400080100000000000,1,0x581432400080100000900000,1
63987.32331466675,1,1,1,11,0x2400,9,0,0.0,1,0x601402400090100000000000,1,0x581432400090100000000000,1
63987.388615608215,1,1,1,12,0x2400,A,0,0.0,1,0x6014024000a0100000000000,1,0x5814324000a0100000000000,1
63987.45407319069,1,1,1,13,0x2400,B,0,0.0,1,0x6014024000b0100000000000,1,0x5814324000b0100000000000,1
63987.51939916611,1,1,1,14,0x2400,C,0,0.0,1,0x6014024000c0100000000000,1,0x5814324000c0100000000000,1
63987.58465695381,1,1,1,15,0x2400,D,0,0.0,1,0x6014024000d0100000000000,1,0x5814324000d0100000000000,1
63987.65006184578,1,1,1,16,0x2400,E,0,0.0,1,0x6014024000e0100000000000,1,0x5814324000e0100000000000,1
63987.71561074257,1,1,1,17,0x2400,F,2,0.00048828125,1,0x6014024000f0100000000000,1,0x5814324000f0100000200000,1
63987.78117895126,1,1,1,18,0x2400,10,33,0.008056640625,1,0x601402400100100000000000,1,0x581432400100100002100000,1
63987.84695959091,1,1,1,19,0x2400,11,36,0.0087890625,1,0x601402400110100000000000,1,0x581432400110100002400000,1
63987.91448426247,1,1,1,20,0x2400,12,17,0.004150390625,1,0x601402400120100000000000,1,0x581432400120100001100000,1
63987.98280930519,1,1,1,21,0x2400,13,65,0.015869140625,1,0x601402400130100000000000,1,0x581432400130100004100000,1
63988.05073928833,1,1,1,22,0x2400,14,45,0.010986328125,1,0x601402400140100000000000,1,0x581432400140100002d00000,1
63988.117869615555,1,1,1,23,0x2400,15,49,0.011962890625,1,0x601402400150100000000000,1,0x581432400150100003100000,1
63988.18505382538,1,1,1,24,0x2400,16,49,0.011962890625,1,0x601402400160100000000000,1,0x581432400160100003100000,1
63988.25059604645,1,1,1,25,0x2400,17,13,0.003173828125,1,0x601402400170100000000000,1,0x581432400170100000d00000,1
63988.31602692604,1,1,1,26,0x2400,18,0,0.0,1,0x601402400180100000000000,1,0x581432400180100000000000,1
63988.381752491,1,1,1,27,0x2400,19,1,0.000244140625,1,0x601402400190100000000000,1,0x581432400190100000100000,1
63988.44707465172,1,1,1,28,0x2400,1A,5,0.001220703125,1,0x6014024001a0100000000000,1,0x5814324001a0100000500000,1
63988.51293897629,1,1,1,29,0x2400,1B,14,0.00341796875,1,0x6014024001b0100000000000,1,0x5814324001b0100000e00000,1
63988.57844758034,1,1,1,30,0x2400,1C,10,0.00244140625,1,0x6014024001c0100000000000,1,0x5814324001c0100000a00000,1
63988.643991708755,1,1,1,31,0x2400,1D,0,0.0,1,0x6014024001d0100000000000,1,0x5814324001d0100000000000,1
63988.70993566513,1,1,1,32,0x2400,1E,13,0.003173828125,1,0x6014024001e0100000000000,1,0x5814324001e0100000d00000,1
63988.77853679657,1,1,1,33,0x2400,1F,0,0.0,1,0x6014024001f0100000000000,1,0x5814324001f0100000000000,1
63988.846989154816,1,1,1,34,0x2400,20,32,0.0078125,1,0x601402400200100000000000,1,0x581432400200100002000000,1
63989.70102095604,1,1,1,3,0x2400,1,66,0.01611328125,1,0x601402400010100000000000,1,0x581432400010100004200000,1
63989.767033576965,1,1,1,4,0x2400,2,28,0.0068359375,1,0x601402400020100000000000,1,0x581432400020100001c00000,1
63989.83545136452,1,1,1,5,0x2400,3,64,0.015625,1,0x601402400030100000000000,1,0x581432400030100004000000,1
63989.90499782562,1,1,1,6,0x2400,4,29,0.007080078125,1,0x601402400040100000000000,1,0x581432400040100001d00000,1
63989.97526192665,1,1,1,7,0x2400,5,13,0.003173828125,1,0x601402400050100000000000,1,0x581432400050100000d00000,1
63990.041707754135,1,1,1,8,0x2400,6,10,0.00244140625,1,0x601402400060100000000000,1,0x581432400060100000a00000,1
63990.107761621475,1,1,1,9,0x2400,7,49,0.011962890625,1,0x601402400070100000000000,1,0x581432400070100003100000,1
63990.1738948822,1,1,1,10,0x2400,8,0,0.0,1,0x601402400080100000000000,1,0x581432400080100000000000,1
63990.23979496956,1,1,1,11,0x2400,9,0,0.0,1,0x601402400090100000000000,1,0x581432400090100000000000,1
63990.30550813675,1,1,1,12,0x2400,A,0,0.0,1,0x6014024000a0100000000000,1,0x5814324000a0100000000000,1
63990.37080407143,1,1,1,13,0x2400,B,0,0.0,1,0x6014024000b0100000000000,1,0x5814324000b0100000000000,1
63990.436200618744,1,1,1,14,0x2400,C,0,0.0,1,0x6014024000c0100000000000,1,0x5814324000c0100000000000,1
63990.501386880875,1,1,1,15,0x2400,D,0,0.0,1,0x6014024000d0100000000000,1,0x5814324000d0100000000000,1
63990.566529750824,1,1,1,16,0x2400,E,0,0.0,1,0x6014024000e0100000000000,1,0x5814324000e0100000000000,1
63990.63513922691,1,1,1,17,0x2400,F,10,0.00244140625,1,0x6014024000f0100000000000,1,0x5814324000f0100000a00000,1
63990.70244407654,1,1,1,18,0x2400,10,5,0.001220703125,1,0x601402400100100000000000,1,0x581432400100100000500000,1
63990.77075242996,1,1,1,19,0x2400,11,12,0.0029296875,1,0x601402400110100000000000,1,0x581432400110100000c00000,1
63990.83990526199,1,1,1,20,0x2400,12,18,0.00439453125,1,0x601402400120100000000000,1,0x581432400120100001200000,1
63990.90534067154,1,1,1,21,0x2400,13,34,0.00830078125,1,0x601402400130100000000000,1,0x581432400130100002200000,1
63990.97155070305,1,1,1,22,0x2400,14,48,0.01171875,1,0x601402400140100000000000,1,0x581432400140100003000000,1
63991.036901474,1,1,1,23,0x2400,15,16,0.00390625,1,0x601402400150100000000000,1,0x581432400150100001000000,1
63991.102325201035,1,1,1,24,0x2400,16,32,0.0078125,1,0x601402400160100000000000,1,0x581432400160100002000000,1
63991.168280124664,1,1,1,25,0x2400,17,16,0.00390625,1,0x601402400170100000000000,1,0x581432400170100001000000,1
63991.23460364342,1,1,1,26,0x2400,18,48,0.01171875,1,0x601402400180100000000000,1,0x581432400180100003000000,1
63991.300684928894,1,1,1,27,0x2400,19,33,0.008056640625,1,0x601402400190100000000000,1,0x581432400190100002100000,1
63991.36657142639,1,1,1,28,0x2400,1A,0,0.0,1,0x6014024001a0100000000000,1,0x5814324001a0100000000000,1
63991.435505628586,1,1,1,29,0x2400,1B,14,0.00341796875,1,0x6014024001b0100000000000,1,0x5814324001b0100000e00000,1
63991.50397372246,1,1,1,30,0x2400,1C,14,0.00341796875,1,0x6014024001c0100000000000,1,0x5814324001c0100000e00000,1
63991.57303524017,1,1,1,31,0x2400,1D,6,0.00146484375,1,0x6014024001d0100000000000,1,0x5814324001d0100000600000,1
63991.640013217926,1,1,1,32,0x2400,1E,10,0.00244140625,1,0x6014024001e0100000000000,1,0x5814324001e0100000a00000,1
63991.705615997314,1,1,1,33,0x2400,1F,50,0.01220703125,1,0x6014024001f0100000000000,1,0x5814324001f0100003200000,1
63991.771023988724,1,1,1,34,0x2400,20,12,0.0029296875,1,0x601402400200100000000000,1,0x581432400200100000c00000,1
63992.6223795414,1,1,1,3,0x2400,1,34,0.00830078125,1,0x601402400010100000000000,1,0x581432400010100002200000,1
63992.69054269791,1,1,1,4,0x2400,2,13,0.003173828125,1,0x601402400020100000000000,1,0x581432400020100000d00000,1
63992.75790262222,1,1,1,5,0x2400,3,14,0.00341796875,1,0x601402400030100000000000,1,0x581432400030100000e00000,1
63992.82495379448,1,1,1,6,0x2400,4,14,0.00341796875,1,0x601402400040100000000000,1,0x581432400040100000e00000,1
63992.89036178589,1,1,1,7,0x2400,5,48,0.01171875,1,0x601402400050100000000000,1,0x581432400050100003000000,1
63992.95596051216,1,1,1,8,0x2400,6,16,0.00390625,1,0x601402400060100000000000,1,0x581432400060100001000000,1
63993.02142715454,1,1,1,9,0x2400,7,32,0.0078125,1,0x601402400070100000000000,1,0x581432400070100002000000,1
63993.087560892105,1,1,1,10,0x2400,8,12,0.0029296875,1,0x601402400080100000000000,1,0x581432400080100000c00000,1
63993.15320944786,1,1,1,11,0x2400,9,0,0.0,1,0x601402400090100000000000,1,0x581432400090100000000000,1
63993.21893286705,1,1,1,12,0x2400,A,0,0.0,1,0x6014024000a0100000000000,1,0x5814324000a0100000000000,1
63993.28446769714,1,1,1,13,0x2400,B,0,0.0,1,0x6014024000b0100000000000,1,0x5814324000b0100000000000,1
63993.35018873215,1,1,1,14,0x2400,C,0,0.0,1,0x6014024000c0100000000000,1,0x5814324000c0100000000000,1
63993.41837668419,1,1,1,15,0x2400,D,0,0.0,1,0x6014024000d0100000000000,1,0x5814324000d0100000000000,1
63993.48579978943,1,1,1,16,0x2400,E,0,0.0,1,0x6014024000e0100000000000,1,0x5814324000e0100000000000,1
63993.55413079262,1,1,1,17,0x2400,F,1,0.000244140625,1,0x6014024000f0100000000000,1,0x5814324000f0100000100000,1
63993.62336754799,1,1,1,18,0x2400,10,19,0.004638671875,1,0x601402400100100000000000,1,0x581432400100100001300000,1
63993.68934082985,1,1,1,19,0x2400,11,37,0.009033203125,1,0x601402400110100000000000,1,0x581432400110100002500000,1
63993.75519371033,1,1,1,20,0x2400,12,33,0.008056640625,1,0x601402400120100000000000,1,0x581432400120100002100000,1
63993.821076631546,1,1,1,21,0x2400,13,14,0.00341796875,1,0x601402400130100000000000,1,0x581432400130100000e00000,1
63993.88649106026,1,1,1,22,0x2400,14,65,0.015869140625,1,0x601402400140100000000000,1,0x581432400140100004100000,1
63993.95206928253,1,1,1,23,0x2400,15,21,0.005126953125,1,0x601402400150100000000000,1,0x581432400150100001500000,1
63994.01782870293,1,1,1,24,0x2400,16,37,0.009033203125,1,0x601402400160100000000000,1,0x581432400160100002500000,1
63994.08372116089,1,1,1,25,0x2400,17,70,0.01708984375,1,0x601402400170100000000000,1,0x581432400170100004600000,1
63994.149490356445,1,1,1,26,0x2400,18,48,0.01171875,1,0x601402400180100000000000,1,0x581432400180100003000000,1
63994.21506047249,1,1,1,27,0x2400,19,1,0.000244140625,1,0x601402400190100000000000,1,0x581432400190100000100000,1
63994.28237557411,1,1,1,28,0x2400,1A,4,0.0009765625,1,0x6014024001a0100000000000,1,0x5814324001a0100000400000,1
63994.350373744965,1,1,1,29,0x2400,1B,34,0.00830078125,1,0x6014024001b0100000000000,1,0x5814324001b0100002200000,1
63994.41769814491,1,1,1,30,0x2400,1C,14,0.00341796875,1,0x6014024001c0100000000000,1,0x5814324001c0100000e00000,1
63994.48490738869,1,1,1,31,0x2400,1D,1,0.000244140625,1,0x6014024001d0100000000000,1,0x5814324001d0100000100000,1
63994.55200791359,1,1,1,32,0x2400,1E,13,0.003173828125,1,0x6014024001e0100000000000,1,0x5814324001e0100000d00000,1
63994.617386341095,1,1,1,33,0x2400,1F,3,0.000732421875,1,0x6014024001f0100000000000,1,0x5814324001f0100000300000,1
63994.682750463486,1,1,1,34,0x2400,20,16,0.00390625,1,0x601402400200100000000000,1,0x581432400200100001000000,1
63995.52183818817,1,1,1,3,0x2400,1,74,0.01806640625,1,0x601402400010100000000000,1,0x581432400010100004a00000,1
63995.58709049225,1,1,1,4,0x2400,2,32,0.0078125,1,0x601402400020100000000000,1,0x581432400020100002000000,1
63995.65225172043,1,1,1,5,0x2400,3,29,0.007080078125,1,0x601402400030100000000000,1,0x581432400030100001d00000,1
63995.71767497063,1,1,1,6,0x2400,4,64,0.015625,1,0x601402400040100000000000,1,0x581432400040100004000000,1
63995.78362083435,1,1,1,7,0x2400,5,6,0.00146484375,1,0x601402400050100000000000,1,0x581432400050100000600000,1
63995.85128045082,1,1,1,8,0x2400,6,49,0.011962890625,1,0x601402400060100000000000,1,0x581432400060100003100000,1
63995.91852045059,1,1,1,9,0x2400,7,18,0.00439453125,1,0x601402400070100000000000,1,0x581432400070100001200000,1
63995.985694646835,1,1,1,10,0x2400,8,50,0.01220703125,1,0x601402400080100000000000,1,0x581432400080100003200000,1
63996.05289387703,1,1,1,11,0x2400,9,0,0.0,1,0x601402400090100000000000,1,0x581432400090100000000000,1
63996.119982242584,1,1,1,12,0x2400,A,0,0.0,1,0x6014024000a0100000000000,1,0x5814324000a0100000000000,1
63996.185442209244,1,1,1,13,0x2400,B,0,0.0,1,0x6014024000b0100000000000,1,0x5814324000b0100000000000,1
63996.25084543228,1,1,1,14,0x2400,C,0,0.0,1,0x6014024000c0100000000000,1,0x5814324000c0100000000000,1
63996.3161277771,1,1,1,15,0x2400,D,0,0.0,1,0x6014024000d0100000000000,1,0x5814324000d0100000000000,1
63996.38164305687,1,1,1,16,0x2400,E,0,0.0,1,0x6014024000e0100000000000,1,0x5814324000e0100000000000,1
63996.44697833061,1,1,1,17,0x2400,F,1,0.000244140625,1,0x6014024000f0100000000000,1,0x5814324000f0100000100000,1
63996.51229286194,1,1,1,18,0x2400,10,48,0.01171875,1,0x601402400100100000000000,1,0x581432400100100003000000,1
63996.57747077942,1,1,1,19,0x2400,11,12,0.0029296875,1,0x601402400110100000000000,1,0x581432400110100000c00000,1
63996.64288473129,1,1,1,20,0x2400,12,17,0.004150390625,1,0x601402400120100000000000,1,0x581432400120100001100000,1
63996.70829153061,1,1,1,21,0x2400,13,15,0.003662109375,1,0x601402400130100000000000,1,0x581432400130100000f00000,1
63996.773928165436,1,1,1,22,0x2400,14,36,0.0087890625,1,0x601402400140100000000000,1,0x581432400140100002400000,1
63996.84235906601,1,1,1,23,0x2400,15,13,0.003173828125,1,0x601402400150100000000000,1,0x581432400150100000d00000,1
63996.90941405296,1,1,1,24,0x2400,16,14,0.00341796875,1,0x601402400160100000000000,1,0x581432400160100000e00000,1
63996.9766266346,1,1,1,25,0x2400,17,70,0.01708984375,1,0x601402400170100000000000,1,0x581432400170100004600000,1
63997.04382586479,1,1,1,26,0x2400,18,9,0.002197265625,1,0x601402400180100000000000,1,0x581432400180100000900000,1
63997.11105179787,1,1,1,27,0x2400,19,13,0.003173828125,1,0x601402400190100000000000,1,0x581432400190100000d00000,1
63997.17699885368,1,1,1,28,0x2400,1A,16,0.00390625,1,0x6014024001a0100000000000,1,0x5814324001a0100001000000,1
63997.24217414856,1,1,1,29,0x2400,1B,12,0.0029296875,1,0x6014024001b0100000000000,1,0x5814324001b0100000c00000,1
63997.3075363636,1,1,1,30,0x2400,1C,40,0.009765625,1,0x6014024001c0100000000000,1,0x5814324001c0100002800000,1
63997.373074531555,1,1,1,31,0x2400,1D,12,0.0029296875,1,0x6014024001d0100000000000,1,0x5814324001d0100000c00000,1
63997.438452005386,1,1,1,32,0x2400,1E,6,0.00146484375,1,0x6014024001e0100000000000,1,0x5814324001e0100000600000,1
63997.503718853,1,1,1,33,0x2400,1F,13,0.003173828125,1,0x6014024001f0100000000000,1,0x5814324001f0100000d00000,1
63997.56885790825,1,1,1,34,0x2400,20,13,0.003173828125,1,0x601402400200100000000000,1,0x581432400200100000d00000,1
63998.41457223892,1,1,1,3,0x2400,1,33,0.008056640625,1,0x601402400010100000000000,1,0x581432400010100002100000,1
63998.48170924187,1,1,1,4,0x2400,2,68,0.0166015625,1,0x601402400020100000000000,1,0x581432400020100004400000,1
63998.54893708229,1,1,1,5,0x2400,3,76,0.0185546875,1,0x601402400030100000000000,1,0x581432400030100004c00000,1
63998.616079330444,1,1,1,6,0x2400,4,13,0.003173828125,1,0x601402400040100000000000,1,0x581432400040100000d00000,1
63998.68146753311,1,1,1,7,0x2400,5,6,0.00146484375,1,0x601402400050100000000000,1,0x581432400050100000600000,1
63998.74667453766,1,1,1,8,0x2400,6,10,0.00244140625,1,0x601402400060100000000000,1,0x581432400060100000a00000,1
63998.81206727028,1,1,1,9,0x2400,7,16,0.00390625,1,0x601402400070100000000000,1,0x581432400070100001000000,1
63998.87746429443,1,1,1,10,0x2400,8,40,0.009765625,1,0x601402400080100000000000,1,0x581432400080100002800000,1
63998.94267010689,1,1,1,11,0x2400,9,0,0.0,1,0x601402400090100000000000,1,0x581432400090100000000000,1
63999.00792837143,1,1,1,12,0x2400,A,0,0.0,1,0x6014024000a0100000000000,1,0x5814324000a0100000000000,1
63999.07316184044,1,1,1,13,0x2400,B,0,0.0,1,0x6014024000b0100000000000,1,0x5814324000b0100000000000,1
63999.13838338852,1,1,1,14,0x2400,C,0,0.0,1,0x6014024000c0100000000000,1,0x5814324000c0100000000000,1
63999.20364379883,1,1,1,15,0x2400,D,0,0.0,1,0x6014024000d0100000000000,1,0x5814324000d0100000000000,1
63999.268835783005,1,1,1,16,0x2400,E,0,0.0,1,0x6014024000e0100000000000,1,0x5814324000e0100000000000,1
63999.334022045135,1,1,1,17,0x2400,F,13,0.003173828125,1,0x6014024000f0100000000000,1,0x5814324000f0100000d00000,1
63999.402279138565,1,1,1,18,0x2400,10,38,0.00927734375,1,0x601402400100100000000000,1,0x581432400100100002600000,1
63999.46965074539,1,1,1,19,0x2400,11,48,0.01171875,1,0x601402400110100000000000,1,0x581432400110100003000000,1
63999.53682017326,1,1,1,20,0x2400,12,65,0.015869140625,1,0x601402400120100000000000,1,0x581432400120100004100000,1
63999.603917360306,1,1,1,21,0x2400,13,74,0.01806640625,1,0x601402400130100000000000,1,0x581432400130100004a00000,1
63999.671077251434,1,1,1,22,0x2400,14,16,0.00390625,1,0x601402400140100000000000,1,0x581432400140100001000000,1
63999.73703241348,1,1,1,23,0x2400,15,8,0.001953125,1,0x601402400150100000000000,1,0x581432400150100000800000,1
63999.80226278305,1,1,1,24,0x2400,16,29,0.007080078125,1,0x601402400160100000000000,1,0x581432400160100001d00000,1
63999.86756682396,1,1,1,25,0x2400,17,13,0.003173828125,1,0x601402400170100000000000,1,0x581432400170100000d00000,1
63999.932821273804,1,1,1,26,0x2400,18,64,0.015625,1,0x601402400180100000000000,1,0x581432400180100004000000,1
63999.99816608429,1,1,1,27,0x2400,19,6,0.00146484375,1,0x601402400190100000000000,1,0x581432400190100000600000,1
64000.06340074539,1,1,1,28,0x2400,1A,33,0.008056640625,1,0x6014024001a0100000000000,1,0x5814324001a0100002100000,1
64000.12866520882,1,1,1,29,0x2400,1B,10,0.00244140625,1,0x6014024001b0100000000000,1,0x5814324001b0100000a00000,1
64000.19387125969,1,1,1,30,0x2400,1C,16,0.00390625,1,0x6014024001c0100000000000,1,0x5814324001c0100001000000,1
64000.259113550186,1,1,1,31,0x2400,1D,13,0.003173828125,1,0x6014024001d0100000000000,1,0x5814324001d0100000d00000,1
64000.324306964874,1,1,1,32,0x2400,1E,12,0.0029296875,1,0x6014024001e0100000000000,1,0x5814324001e0100000c00000,1
64000.3894701004,1,1,1,33,0x2400,1F,10,0.00244140625,1,0x6014024001f0100000000000,1,0x5814324001f0100000a00000,1
64000.4547226429,1,1,1,34,0x2400,20,0,0.0,1,0x601402400200100000000000,1,0x581432400200100000000000,1
64001.307332754135,1,1,1,3,0x2400,1,74,0.01806640625,1,0x601402400010100000000000,1,0x581432400010100004a00000,1
64001.37233734131,1,1,1,4,0x2400,2,29,0.007080078125,1,0x601402400020100000000000,1,0x581432400020100001d00000,1
64001.43723106384,1,1,1,5,0x2400,3,15,0.003662109375,1,0x601402400030100000000000,1,0x581432400030100000f00000,1
64001.50207710266,1,1,1,6,0x2400,4,31,0.007568359375,1,0x601402400040100000000000,1,0x581432400040100001f00000,1
64001.566878557205,1,1,1,7,0x2400,5,66,0.01611328125,1,0x601402400050100000000000,1,0x581432400050100004200000,1
64001.632135391235,1,1,1,8,0x2400,6,16,0.00390625,1,0x601402400060100000000000,1,0x581432400060100001000000,1
64001.6974196434,1,1,1,9,0x2400,7,16,0.00390625,1,0x601402400070100000000000,1,0x581432400070100001000000,1
64001.762394189835,1,1,1,10,0x2400,8,18,0.00439453125,1,0x601402400080100000000000,1,0x581432400080100001200000,1
64001.827310562134,1,1,1,11,0x2400,9,0,0.0,1,0x601402400090100000000000,1,0x581432400090100000000000,1
64001.89220905304,1,1,1,12,0x2400,A,0,0.0,1,0x6014024000a0100000000000,1,0x5814324000a0100000000000,1
64001.9571056366,1,1,1,13,0x2400,B,0,0.0,1,0x6014024000b0100000000000,1,0x5814324000b0100000000000,1
64002.0219244957,1,1,1,14,0x2400,C,0,0.0,1,0x6014024000c0100000000000,1,0x5814324000c0100000000000,1
64002.088581085205,1,1,1,15,0x2400,D,0,0.0,1,0x6014024000d0100000000000,1,0x5814324000d0100000000000,1
64002.1552464962,1,1,1,16,0x2400,E,0,0.0,1,0x6014024000e0100000000000,1,0x5814324000e0100000000000,1
64002.22238087654,1,1,1,17,0x2400,F,13,0.003173828125,1,0x6014024000f0100000000000,1,0x5814324000f0100000d00000,1
64002.289563417435,1,1,1,18,0x2400,10,33,0.008056640625,1,0x601402400100100000000000,1,0x581432400100100002100000,1
64002.356838703156,1,1,1,19,0x2400,11,68,0.0166015625,1,0x601402400110100000000000,1,0x581432400110100004400000,1
64002.424015045166,1,1,1,20,0x2400,12,104,0.025390625,1,0x601402400120100000000000,1,0x581432400120100006800000,1
64002.490134477615,1,1,1,21,0x2400,13,49,0.011962890625,1,0x601402400130100000000000,1,0x581432400130100003100000,1
64002.55513548851,1,1,1,22,0x2400,14,17,0.004150390625,1,0x601402400140100000000000,1,0x581432400140100001100000,1
64002.62050032616,1,1,1,23,0x2400,15,32,0.0078125,1,0x601402400150100000000000,1,0x581432400150100002000000,1
64002.68545150757,1,1,1,24,0x2400,16,32,0.0078125,1,0x601402400160100000000000,1,0x581432400160100002000000,1
64002.75034117699,1,1,1,25,0x2400,17,65,0.015869140625,1,0x601402400170100000000000,1,0x581432400170100004100000,1
64002.815257549286,1,1,1,26,0x2400,18,17,0.004150390625,1,0x601402400180100000000000,1,0x581432400180100001100000,1
64002.88010263443,1,1,1,27,0x2400,19,14,0.00341796875,1,0x601402400190100000000000,1,0x581432400190100000e00000,1
64002.94495630264,1,1,1,28,0x2400,1A,24,0.005859375,1,0x6014024001a0100000000000,1,0x5814324001a0100001800000,1
64003.00988769531,1,1,1,29,0x2400,1B,20,0.0048828125,1,0x6014024001b0100000000000,1,0x5814324001b0100001400000,1
64003.074883461,1,1,1,30,0x2400,1C,16,0.00390625,1,0x6014024001c0100000000000,1,0x5814324001c0100001000000,1
64003.13990998268,1,1,1,31,0x2400,1D,14,0.00341796875,1,0x6014024001d0100000000000,1,0x5814324001d0100000e00000,1
64003.20485186577,1,1,1,32,0x2400,1E,4,0.0009765625,1,0x6014024001e0100000000000,1,0x5814324001e0100000400000,1
64003.26974225044,1,1,1,33,0x2400,1F,0,0.0,1,0x6014024001f0100000000000,1,0x5814324001f0100000000000,1
64003.33455133438,1,1,1,34,0x2400,20,10,0.00244140625,1,0x601402400200100000000000,1,0x581432400200100000a00000,1
64004.1882109642,1,1,1,3,0x2400,1,14,0.00341796875,1,0x601402400010100000000000,1,0x581432400010100000e00000,1
64004.2532646656,1,1,1,4,0x2400,2,36,0.0087890625,1,0x601402400020100000000000,1,0x581432400020100002400000,1
64004.31822800636,1,1,1,5,0x2400,3,29,0.007080078125,1,0x601402400030100000000000,1,0x581432400030100001d00000,1
64004.38317012787,1,1,1,6,0x2400,4,78,0.01904296875,1,0x601402400040100000000000,1,0x581432400040100004e00000,1
64004.4482729435,1,1,1,7,0x2400,5,49,0.011962890625,1,0x601402400050100000000000,1,0x581432400050100003100000,1
64004.513179540634,1,1,1,8,0x2400,6,64,0.015625,1,0x601402400060100000000000,1,0x581432400060100004000000,1
64004.57813167572,1,1,1,9,0x2400,7,66,0.01611328125,1,0x601402400070100000000000,1,0x581432400070100004200000,1
64004.643332481384,1,1,1,10,0x2400,8,13,0.003173828125,1,0x601402400080100000000000,1,0x581432400080100000d00000,1
64004.70830321312,1,1,1,11,0x2400,9,0,0.0,1,0x601402400090100000000000,1,0x581432400090100000000000,1
64004.773257255554,1,1,1,12,0x2400,A,0,0.0,1,0x6014024000a0100000000000,1,0x5814324000a0100000000000,1
64004.838212013245,1,1,1,13,0x2400,B,0,0.0,1,0x6014024000b0100000000000,1,0x5814324000b0100000000000,1
64004.90532064438,1,1,1,14,0x2400,C,0,0.0,1,0x6014024000c0100000000000,1,0x5814324000c0100000000000,1
64004.97461819649,1,1,1,15,0x2400,D,0,0.0,1,0x6014024000d0100000000000,1,0x5814324000d0100000000000,1
64005.04194068909,1,1,1,16,0x2400,E,0,0.0,1,0x6014024000e0100000000000,1,0x5814324000e0100000000000,1
64005.1101706028,1,1,1,17,0x2400,F,32,0.0078125,1,0x6014024000f0100000000000,1,0x5814324000f0100002000000,1
64005.17736721039,1,1,1,18,0x2400,10,13,0.003173828125,1,0x601402400100100000000000,1,0x581432400100100000d00000,1
64005.24292135239,1,1,1,19,0x2400,11,14,0.00341796875,1,0x601402400110100000000000,1,0x581432400110100000e00000,1
64005.30861735344,1,1,1,20,0x2400,12,16,0.00390625,1,0x601402400120100000000000,1,0x581432400120100001000000,1
64005.37382698059,1,1,1,21,0x2400,13,1,0.000244140625,1,0x601402400130100000000000,1,0x581432400130100000100000,1
64005.43893265724,1,1,1,22,0x2400,14,14,0.00341796875,1,0x601402400140100000000000,1,0x581432400140100000e00000,1
64005.50421977043,1,1,1,23,0x2400,15,29,0.007080078125,1,0x601402400150100000000000,1,0x581432400150100001d00000,1
64005.569707632065,1,1,1,24,0x2400,16,44,0.0107421875,1,0x601402400160100000000000,1,0x581432400160100002c00000,1
64005.63540291786,1,1,1,25,0x2400,17,48,0.01171875,1,0x601402400170100000000000,1,0x581432400170100003000000,1
64005.700933218,1,1,1,26,0x2400,18,70,0.01708984375,1,0x601402400180100000000000,1,0x581432400180100004600000,1
64005.76620006561,1,1,1,27,0x2400,19,48,0.01171875,1,0x601402400190100000000000,1,0x581432400190100003000000,1
64005.83441400528,1,1,1,28,0x2400,1A,33,0.008056640625,1,0x6014024001a0100000000000,1,0x5814324001a0100002100000,1
64005.90159726143,1,1,1,29,0x2400,1B,20,0.0048828125,1,0x6014024001b0100000000000,1,0x5814324001b0100001400000,1
64005.96885585785,1,1,1,30,0x2400,1C,13,0.003173828125,1,0x6014024001c0100000000000,1,0x5814324001c0100000d00000,1
64006.03596711159,1,1,1,31,0x2400,1D,10,0.00244140625,1,0x6014024001d0100000000000,1,0x5814324001d0100000a00000,1
64006.10324406624,1,1,1,32,0x2400,1E,14,0.00341796875,1,0x6014024001e0100000000000,1,0x5814324001e0100000e00000,1
64006.171600580215,1,1,1,33,0x2400,1F,32,0.0078125,1,0x6014024001f0100000000000,1,0x5814324001f0100002000000,1
64006.2368619442,1,1,1,34,0x2400,20,10,0.00244140625,1,0x601402400200100000000000,1,0x581432400200100000a00000,1
64007.07857322693,1,1,1,3,0x2400,1,1,0.000244140625,1,0x601402400010100000000000,1,0x581432400010100000100000,1
64007.14643573761,1,1,1,4,0x2400,2,74,0.01806640625,1,0x601402400020100000000000,1,0x581432400020100004a00000,1
64007.2147603035,1,1,1,5,0x2400,3,64,0.015625,1,0x601402400030100000000000,1,0x581432400030100004000000,1
64007.28193926811,1,1,1,6,0x2400,4,100,0.0244140625,1,0x601402400040100000000000,1,0x581432400040100006400000,1
64007.34923696518,1,1,1,7,0x2400,5,72,0.017578125,1,0x601402400050100000000000,1,0x581432400050100004800000,1
64007.416177511215,1,1,1,8,0x2400,6,48,0.01171875,1,0x601402400060100000000000,1,0x581432400060100003000000,1
64007.48141622543,1,1,1,9,0x2400,7,96,0.0234375,1,0x601402400070100000000000,1,0x581432400070100006000000,1
64007.5467004776,1,1,1,10,0x2400,8,9,0.002197265625,1,0x601402400080100000000000,1,0x581432400080100000900000,1
64007.61186361313,1,1,1,11,0x2400,9,0,0.0,1,0x601402400090100000000000,1,0x581432400090100000000000,1
64007.6769926548,1,1,1,12,0x2400,A,0,0.0,1,0x6014024000a0100000000000,1,0x5814324000a0100000000000,1
64007.74217391014,1,1,1,13,0x2400,B,0,0.0,1,0x6014024000b0100000000000,1,0x5814324000b0100000000000,1
64007.80719947815,1,1,1,14,0x2400,C,0,0.0,1,0x6014024000c0100000000000,1,0x5814324000c0100000000000,1
64007.87259197235,1,1,1,15,0x2400,D,0,0.0,1,0x6014024000d0100000000000,1,0x5814324000d0100000000000,1
64007.93808054924,1,1,1,16,0x2400,E,0,0.0,1,0x6014024000e0100000000000,1,0x5814324000e0100000000000,1
64008.00332784653,1,1,1,17,0x2400,F,14,0.00341796875,1,0x6014024000f0100000000000,1,0x5814324000f0100000e00000,1
64008.0689060688,1,1,1,18,0x2400,10,34,0.00830078125,1,0x601402400100100000000000,1,0x581432400100100002200000,1
64008.134145498276,1,1,1,19,0x2400,11,77,0.018798828125,1,0x601402400110100000000000,1,0x581432400110100004d00000,1
64008.202453136444,1,1,1,20,0x2400,12,98,0.02392578125,1,0x601402400120100000000000,1,0x581432400120100006200000,1
64008.269546985626,1,1,1,21,0x2400,13,33,0.008056640625,1,0x601402400130100000000000,1,0x581432400130100002100000,1
64008.33679294586,1,1,1,22,0x2400,14,10,0.00244140625,1,0x601402400140100000000000,1,0x581432400140100000a00000,1
64008.40536236763,1,1,1,23,0x2400,15,9,0.002197265625,1,0x601402400150100000000000,1,0x581432400150100000900000,1
64008.47352337837,1,1,1,24,0x2400,16,48,0.01171875,1,0x601402400160100000000000,1,0x581432400160100003000000,1
64008.53961849213,1,1,1,25,0x2400,17,48,0.01171875,1,0x601402400170100000000000,1,0x581432400170100003000000,1
64008.60521221161,1,1,1,26,0x2400,18,48,0.01171875,1,0x601402400180100000000000,1,0x581432400180100003000000,1
64008.67143249512,1,1,1,27,0x2400,19,6,0.00146484375,1,0x601402400190100000000000,1,0x581432400190100000600000,1
64008.737412691116,1,1,1,28,0x2400,1A,14,0.00341796875,1,0x6014024001a0100000000000,1,0x5814324001a0100000e00000,1
64008.803488731384,1,1,1,29,0x2400,1B,0,0.0,1,0x6014024001b0100000000000,1,0x5814324001b0100000000000,1
64008.8692073822,1,1,1,30,0x2400,1C,13,0.003173828125,1,0x6014024001c0100000000000,1,0x5814324001c0100000d00000,1
64008.93481397629,1,1,1,31,0x2400,1D,32,0.0078125,1,0x6014024001d0100000000000,1,0x5814324001d0100002000000,1
64009.00341272354,1,1,1,32,0x2400,1E,0,0.0,1,0x6014024001e0100000000000,1,0x5814324001e0100000000000,1
64009.070761203766,1,1,1,33,0x2400,1F,18,0.00439453125,1,0x6014024001f0100000000000,1,0x5814324001f0100001200000,1
64009.13804268837,1,1,1,34,0x2400,20,18,0.00439453125,1,0x601402400200100000000000,1,0x581432400200100001200000,1
64009.99801683426,1,1,1,3,0x2400,1,34,0.00830078125,1,0x601402400010100000000000,1,0x581432400010100002200000,1
64010.06918811798,1,1,1,4,0x2400,2,76,0.0185546875,1,0x601402400020100000000000,1,0x581432400020100004c00000,1
64010.13771486282,1,1,1,5,0x2400,3,81,0.019775390625,1,0x601402400030100000000000,1,0x581432400030100005100000,1
64010.20359182358,1,1,1,6,0x2400,4,18,0.00439453125,1,0x601402400040100000000000,1,0x581432400040100001200000,1
64010.26941156387,1,1,1,7,0x2400,5,9,0.002197265625,1,0x601402400050100000000000,1,0x581432400050100000900000,1
64010.33502292633,1,1,1,8,0x2400,6,12,0.0029296875,1,0x601402400060100000000000,1,0x581432400060100000c00000,1
64010.400955200195,1,1,1,9,0x2400,7,26,0.00634765625,1,0x601402400070100000000000,1,0x581432400070100001a00000,1
64010.46678996086,1,1,1,10,0x2400,8,14,0.00341796875,1,0x601402400080100000000000,1,0x581432400080100000e00000,1
64010.53284406662,1,1,1,11,0x2400,9,0,0.0,1,0x601402400090100000000000,1,0x581432400090100000000000,1
64010.59963154793,1,1,1,12,0x2400,A,0,0.0,1,0x6014024000a0100000000000,1,0x5814324000a0100000000000,1
64010.6688451767,1,1,1,13,0x2400,B,0,0.0,1,0x6014024000b0100000000000,1,0x5814324000b0100000000000,1
64010.738183021545,1,1,1,14,0x2400,C,0,0.0,1,0x6014024000c0100000000000,1,0x5814324000c0100000000000,1
64010.80667281151,1,1,1,15,0x2400,D,0,0.0,1,0x6014024000d0100000000000,1,0x5814324000d0100000000000,1
64010.87356591225,1,1,1,16,0x2400,E,0,0.0,1,0x6014024000e0100000000000,1,0x5814324000e0100000000000,1
64010.93985033035,1,1,1,17,0x2400,F,13,0.003173828125,1,0x6014024000f0100000000000,1,0x5814324000f0100000d00000,1
64011.00627017021,1,1,1,18,0x2400,10,64,0.015625,1,0x601402400100100000000000,1,0x581432400100100004000000,1
64011.0725107193,1,1,1,19,0x2400,11,13,0.003173828125,1,0x601402400110100000000000,1,0x581432400110100000d00000,1
64011.1384665966,1,1,1,20,0x2400,12,64,0.015625,1,0x601402400120100000000000,1,0x581432400120100004000000,1
64011.20454955101,1,1,1,21,0x2400,13,74,0.01806640625,1,0x601402400130100000000000,1,0x581432400130100004a00000,1
64011.27049565315,1,1,1,22,0x2400,14,13,0.003173828125,1,0x601402400140100000000000,1,0x581432400140100000d00000,1
64011.33873510361,1,1,1,23,0x2400,15,69,0.016845703125,1,0x601402400150100000000000,1,0x581432400150100004500000,1
64011.40592908859,1,1,1,24,0x2400,16,17,0.004150390625,1,0x601402400160100000000000,1,0x581432400160100001100000,1
64011.47298312187,1,1,1,25,0x2400,17,64,0.015625,1,0x601402400170100000000000,1,0x581432400170100004000000,1
64011.54006123543,1,1,1,26,0x2400,18,16,0.00390625,1,0x601402400180100000000000,1,0x581432400180100001000000,1
64011.607409238815,1,1,1,27,0x2400,19,34,0.00830078125,1,0x601402400190100000000000,1,0x581432400190100002200000,1
64011.67332434654,1,1,1,28,0x2400,1A,32,0.0078125,1,0x6014024001a0100000000000,1,0x5814324001a0100002000000,1
64011.73848247528,1,1,1,29,0x2400,1B,9,0.002197265625,1,0x6014024001b0100000000000,1,0x5814324001b0100000900000,1
64011.80398464203,1,1,1,30,0x2400,1C,10,0.00244140625,1,0x6014024001c0100000000000,1,0x5814324001c0100000a00000,1
64011.86933660507,1,1,1,31,0x2400,1D,13,0.003173828125,1,0x6014024001d0100000000000,1,0x5814324001d0100000d00000,1
64011.93510103226,1,1,1,32,0x2400,1E,13,0.003173828125,1,0x6014024001e0100000000000,1,0x5814324001e0100000d00000,1
64012.000771045685,1,1,1,33,0x2400,1F,21,0.005126953125,1,0x6014024001f0100000000000,1,0x5814324001f0100001500000,1
64012.06686472893,1,1,1,34,0x2400,20,10,0.00244140625,1,0x601402400200100000000000,1,0x581432400200100000a00000,1
64012.92028236389,1,1,1,3,0x2400,1,32,0.0078125,1,0x601402400010100000000000,1,0x581432400010100002000000,1
64012.98544740677,1,1,1,4,0x2400,2,18,0.00439453125,1,0x601402400020100000000000,1,0x581432400020100001200000,1
64013.050641059875,1,1,1,5,0x2400,3,10,0.00244140625,1,0x601402400030100000000000,1,0x581432400030100000a00000,1
64013.115733623505,1,1,1,6,0x2400,4,14,0.00341796875,1,0x601402400040100000000000,1,0x581432400040100000e00000,1
64013.18097138405,1,1,1,7,0x2400,5,69,0.016845703125,1,0x601402400050100000000000,1,0x581432400050100004500000,1
64013.24603533745,1,1,1,8,0x2400,6,77,0.018798828125,1,0x601402400060100000000000,1,0x581432400060100004d00000,1
64013.31147837639,1,1,1,9,0x2400,7,13,0.003173828125,1,0x601402400070100000000000,1,0x581432400070100000d00000,1
64013.37687921524,1,1,1,10,0x2400,8,17,0.004150390625,1,0x601402400080100000000000,1,0x581432400080100001100000,1
64013.442361831665,1,1,1,11,0x2400,9,0,0.0,1,0x601402400090100000000000,1,0x581432400090100000000000,1
64013.50780940056,1,1,1,12,0x2400,A,0,0.0,1,0x6014024000a0100000000000,1,0x5814324000a0100000000000,1
64013.57364320755,1,1,1,13,0x2400,B,0,0.0,1,0x6014024000b0100000000000,1,0x5814324000b0100000000000,1
64013.63908600807,1,1,1,14,0x2400,C,0,0.0,1,0x6014024000c0100000000000,1,0x5814324000c0100000000000,1
64013.70645260811,1,1,1,15,0x2400,D,0,0.0,1,0x6014024000d0100000000000,1,0x5814324000d0100000000000,1
64013.773721694946,1,1,1,16,0x2400,E,0,0.0,1,0x6014024000e0100000000000,1,0x5814324000e0100000000000,1
64013.840827703476,1,1,1,17,0x2400,F,13,0.003173828125,1,0x6014024000f0100000000000,1,0x5814324000f0100000d00000,1
64013.9080824852,1,1,1,18,0x2400,10,34,0.00830078125,1,0x601402400100100000000000,1,0x581432400100100002200000,1
64013.97516965866,1,1,1,19,0x2400,11,64,0.015625,1,0x601402400110100000000000,1,0x581432400110100004000000,1
64014.041323661804,1,1,1,20,0x2400,12,14,0.00341796875,1,0x601402400120100000000000,1,0x581432400120100000e00000,1
64014.106370687485,1,1,1,21,0x2400,13,14,0.00341796875,1,0x601402400130100000000000,1,0x581432400130100000e00000,1
64014.171545505524,1,1,1,22,0x2400,14,33,0.008056640625,1,0x601402400140100000000000,1,0x581432400140100002100000,1
64014.23658657074,1,1,1,23,0x2400,15,77,0.018798828125,1,0x601402400150100000000000,1,0x581432400150100004d00000,1
64014.30195116997,1,1,1,24,0x2400,16,18,0.00439453125,1,0x601402400160100000000000,1,0x581432400160100001200000,1
64014.36733055115,1,1,1,25,0x2400,17,33,0.008056640625,1,0x601402400170100000000000,1,0x581432400170100002100000,1
64014.43269634247,1,1,1,26,0x2400,18,64,0.015625,1,0x601402400180100000000000,1,0x581432400180100004000000,1
64014.49816298485,1,1,1,27,0x2400,19,1,0.000244140625,1,0x601402400190100000000000,1,0x581432400190100000100000,1
64014.563162088394,1,1,1,28,0x2400,1A,18,0.00439453125,1,0x6014024001a0100000000000,1,0x5814324001a0100001200000,1
64014.62844944,1,1,1,29,0x2400,1B,14,0.00341796875,1,0x6014024001b0100000000000,1,0x5814324001b0100000e00000,1
64014.69363617897,1,1,1,30,0x2400,1C,32,0.0078125,1,0x6014024001c0100000000000,1,0x5814324001c0100002000000,1
64014.75888109207,1,1,1,31,0x2400,1D,32,0.0078125,1,0x6014024001d0100000000000,1,0x5814324001d0100002000000,1
64014.826422691345,1,1,1,32,0x2400,1E,0,0.0,1,0x6014024001e0100000000000,1,0x5814324001e0100000000000,1
64014.893792152405,1,1,1,33,0x2400,1F,18,0.00439453125,1,0x6014024001f0100000000000,1,0x5814324001f0100001200000,1
64014.96081495285,1,1,1,34,0x2400,20,18,0.00439453125,1,0x601402400200100000000000,1,0x581432400200100001200000,1
64015.806985616684,1,1,1,3,0x2400,1,32,0.0078125,1,0x601402400010100000000000,1,0x581432400010100002000000,1
64015.87213349342,1,1,1,4,0x2400,2,20,0.0048828125,1,0x601402400020100000000000,1,0x581432400020100001400000,1
64015.93724441528,1,1,1,5,0x2400,3,29,0.007080078125,1,0x601402400030100000000000,1,0x581432400030100001d00000,1
64016.002323150635,1,1,1,6,0x2400,4,48,0.01171875,1,0x601402400040100000000000,1,0x581432400040100003000000,1
64016.06728839874,1,1,1,7,0x2400,5,45,0.010986328125,1,0x601402400050100000000000,1,0x581432400050100002d00000,1
64016.132226228714,1,1,1,8,0x2400,6,33,0.008056640625,1,0x601402400060100000000000,1,0x581432400060100002100000,1
64016.19716954231,1,1,1,9,0x2400,7,65,0.015869140625,1,0x601402400070100000000000,1,0x581432400070100004100000,1
64016.26231908798,1,1,1,10,0x2400,8,70,0.01708984375,1,0x601402400080100000000000,1,0x581432400080100004600000,1
64016.330559015274,1,1,1,11,0x2400,9,0,0.0,1,0x601402400090100000000000,1,0x581432400090100000000000,1
64016.39779615402,1,1,1,12,0x2400,A,0,0.0,1,0x6014024000a0100000000000,1,0x5814324000a0100000000000,1
64016.46510672569,1,1,1,13,0x2400,B,0,0.0,1,0x6014024000b0100000000000,1,0x5814324000b0100000000000,1
64016.53224539757,1,1,1,14,0x2400,C,0,0.0,1,0x6014024000c0100000000000,1,0x5814324000c0100000000000,1
64016.599378585815,1,1,1,15,0x2400,D,0,0.0,1,0x6014024000d0100000000000,1,0x5814324000d0100000000000,1
64016.6653342247,1,1,1,16,0x2400,E,0,0.0,1,0x6014024000e0100000000000,1,0x5814324000e0100000000000,1
64016.7307612896,1,1,1,17,0x2400,F,12,0.0029296875,1,0x6014024000f0100000000000,1,0x5814324000f0100000c00000,1
64016.796008348465,1,1,1,18,0x2400,10,65,0.015869140625,1,0x601402400100100000000000,1,0x581432400100100004100000,1
64016.86145091057,1,1,1,19,0x2400,11,80,0.01953125,1,0x601402400110100000000000,1,0x581432400110100005000000,1
64016.92662239075,1,1,1,20,0x2400,12,74,0.01806640625,1,0x601402400120100000000000,1,0x581432400120100004a00000,1
64016.99190211296,1,1,1,21,0x2400,13,76,0.0185546875,1,0x601402400130100000000000,1,0x581432400130100004c00000,1
64017.05692195892,1,1,1,22,0x2400,14,15,0.003662109375,1,0x601402400140100000000000,1,0x581432400140100000f00000,1
64017.1219086647,1,1,1,23,0x2400,15,35,0.008544921875,1,0x601402400150100000000000,1,0x581432400150100002300000,1
64017.186856508255,1,1,1,24,0x2400,16,48,0.01171875,1,0x601402400160100000000000,1,0x581432400160100003000000,1
64017.251853466034,1,1,1,25,0x2400,17,15,0.003662109375,1,0x601402400170100000000000,1,0x581432400170100000f00000,1
64017.317481040955,1,1,1,26,0x2400,18,16,0.00390625,1,0x601402400180100000000000,1,0x581432400180100001000000,1
64017.3829741478,1,1,1,27,0x2400,19,4,0.0009765625,1,0x601402400190100000000000,1,0x581432400190100000400000,1
64017.45092844963,1,1,1,28,0x2400,1A,4,0.0009765625,1,0x6014024001a0100000000000,1,0x5814324001a0100000400000,1
64017.51885962486,1,1,1,29,0x2400,1B,14,0.00341796875,1,0x6014024001b0100000000000,1,0x5814324001b0100000e00000,1
64017.5860991478,1,1,1,30,0x2400,1C,9,0.002197265625,1,0x6014024001c0100000000000,1,0x5814324001c0100000900000,1
64017.653270721436,1,1,1,31,0x2400,1D,5,0.001220703125,1,0x6014024001d0100000000000,1,0x5814324001d0100000500000,1
64017.720383405685,1,1,1,32,0x2400,1E,0,0.0,1,0x6014024001e0100000000000,1,0x5814324001e0100000000000,1
64017.785613536835,1,1,1,33,0x2400,1F,12,0.0029296875,1,0x6014024001f0100000000000,1,0x5814324001f0100000c00000,1
64017.8509247303,1,1,1,34,0x2400,20,13,0.003173828125,1,0x601402400200100000000000,1,0x581432400200100000d00000,1
64018.713450431824,1,1,1,3,0x2400,1,49,0.011962890625,1,0x601402400010100000000000,1,0x581432400010100003100000,1
64018.77884268761,1,1,1,4,0x2400,2,69,0.016845703125,1,0x601402400020100000000000,1,0x581432400020100004500000,1
64018.84430909157,1,1,1,5,0x2400,3,14,0.00341796875,1,0x601402400030100000000000,1,0x581432400030100000e00000,1
64018.909658908844,1,1,1,6,0x2400,4,44,0.0107421875,1,0x601402400040100000000000,1,0x581432400040100002c00000,1
64018.9751060009,1,1,1,7,0x2400,5,68,0.0166015625,1,0x601402400050100000000000,1,0x581432400050100004400000,1
64019.04065489769,1,1,1,8,0x2400,6,9,0.002197265625,1,0x601402400060100000000000,1,0x581432400060100000900000,1
64019.10592007637,1,1,1,9,0x2400,7,68,0.0166015625,1,0x601402400070100000000000,1,0x581432400070100004400000,1
64019.171197891235,1,1,1,10,0x2400,8,1,0.000244140625,1,0x601402400080100000000000,1,0x581432400080100000100000,1
64019.236536026,1,1,1,11,0x2400,9,0,0.0,1,0x601402400090100000000000,1,0x581432400090100000000000,1
64019.30198311806,1,1,1,12,0x2400,A,0,0.0,1,0x6014024000a0100000000000,1,0x5814324000a0100000000000,1
64019.36736226082,1,1,1,13,0x2400,B,0,0.0,1,0x6014024000b0100000000000,1,0x5814324000b0100000000000,1
64019.434859752655,1,1,1,14,0x2400,C,0,0.0,1,0x6014024000c0100000000000,1,0x5814324000c0100000000000,1
64019.50195503235,1,1,1,15,0x2400,D,0,0.0,1,0x6014024000d0100000000000,1,0x5814324000d0100000000000,1
64019.569242239,1,1,1,16,0x2400,E,0,0.0,1,0x6014024000e0100000000000,1,0x5814324000e0100000000000,1
64019.63620328903,1,1,1,17,0x2400,F,12,0.0029296875,1,0x6014024000f0100000000000,1,0x5814324000f0100000c00000,1
64019.70334672928,1,1,1,18,0x2400,10,6,0.00146484375,1,0x601402400100100000000000,1,0x581432400100100000600000,1
64019.76950788498,1,1,1,19,0x2400,11,64,0.015625,1,0x601402400110100000000000,1,0x581432400110100004000000,1
64019.8355782032,1,1,1,20,0x2400,12,49,0.011962890625,1,0x601402400120100000000000,1,0x581432400120100003100000,1
64019.90172123909,1,1,1,21,0x2400,13,96,0.0234375,1,0x601402400130100000000000,1,0x581432400130100006000000,1
64019.96754026413,1,1,1,22,0x2400,14,5,0.001220703125,1,0x601402400140100000000000,1,0x581432400140100000500000,1
64020.03307843208,1,1,1,23,0x2400,15,51,0.012451171875,1,0x601402400150100000000000,1,0x581432400150100003300000,1
64020.09917855263,1,1,1,24,0x2400,16,17,0.004150390625,1,0x601402400160100000000000,1,0x581432400160100001100000,1
64020.16533660889,1,1,1,25,0x2400,17,74,0.01806640625,1,0x601402400170100000000000,1,0x581432400170100004a00000,1
64020.23265457153,1,1,1,26,0x2400,18,6,0.00146484375,1,0x601402400180100000000000,1,0x581432400180100000600000,1
64020.30105090141,1,1,1,27,0x2400,19,33,0.008056640625,1,0x601402400190100000000000,1,0x581432400190100002100000,1
64020.371200323105,1,1,1,28,0x2400,1A,13,0.003173828125,1,0x6014024001a0100000000000,1,0x5814324001a0100000d00000,1
64020.43853878975,1,1,1,29,0x2400,1B,18,0.00439453125,1,0x6014024001b0100000000000,1,0x5814324001b0100001200000,1
64020.50448846817,1,1,1,30,0x2400,1C,13,0.003173828125,1,0x6014024001c0100000000000,1,0x5814324001c0100000d00000,1
64020.569967746735,1,1,1,31,0x2400,1D,1,0.000244140625,1,0x6014024001d0100000000000,1,0x5814324001d0100000100000,1
64020.636043548584,1,1,1,32,0x2400,1E,14,0.00341796875,1,0x6014024001e0100000000000,1,0x5814324001e0100000e00000,1
64020.70214867592,1,1,1,33,0x2400,1F,8,0.001953125,1,0x6014024001f0100000000000,1,0x5814324001f0100000800000,1
64020.76749300957,1,1,1,34,0x2400,20,5,0.001220703125,1,0x601402400200100000000000,1,0x581432400200100000500000,1
64021.64838933945,1,1,1,3,0x2400,1,13,0.003173828125,1,0x601402400010100000000000,1,0x581432400010100000d00000,1
64021.71752905846,1,1,1,4,0x2400,2,16,0.00390625,1,0x601402400020100000000000,1,0x581432400020100001000000,1
64021.78557443619,1,1,1,5,0x2400,3,38,0.00927734375,1,0x601402400030100000000000,1,0x581432400030100002600000,1
64021.85099220276,1,1,1,6,0x2400,4,15,0.003662109375,1,0x601402400040100000000000,1,0x581432400040100000f00000,1
64021.91643190384,1,1,1,7,0x2400,5,17,0.004150390625,1,0x601402400050100000000000,1,0x581432400050100001100000,1
