Times,Buffer,Window,Trigger,heartbeat,initialization,observation,correction,classification,injection,essential,uncorrectable 
2024-07-07 16:37:59,0,0,0,0,0,0,0,0,0,1,1
2024-07-07 16:37:59,1,1,0,0,0,0,0,0,0,1,1
2024-07-07 16:37:59,2,2,0,0,0,0,0,0,0,1,1
2024-07-07 16:37:59,3,3,0,0,0,0,0,0,0,1,1
2024-07-07 16:37:59,4,4,0,0,0,0,0,0,0,1,1
2024-07-07 16:37:59,5,5,0,0,0,0,0,0,0,1,1
2024-07-07 16:37:59,6,6,0,0,0,0,0,0,0,1,1
2024-07-07 16:37:59,7,7,0,0,0,0,0,0,0,1,1
2024-07-07 16:37:59,8,8,0,0,0,0,0,0,0,1,1
2024-07-07 16:37:59,9,9,0,0,0,0,0,0,0,1,1
2024-07-07 16:37:59,10,10,0,0,0,0,0,0,0,1,1
2024-07-07 16:37:59,11,11,0,0,0,0,0,0,0,1,1
2024-07-07 16:37:59,12,12,0,0,0,0,0,0,0,1,1
2024-07-07 16:37:59,13,13,0,0,0,0,0,0,0,1,1
2024-07-07 16:37:59,14,14,0,0,0,0,0,0,0,1,1
2024-07-07 16:37:59,15,15,0,0,0,0,0,0,0,1,1
2024-07-07 16:37:59,16,16,0,0,0,0,0,0,0,1,1
2024-07-07 16:37:59,17,17,0,0,0,0,0,0,0,1,1
2024-07-07 16:37:59,18,18,0,0,0,0,0,0,0,1,1
2024-07-07 16:37:59,19,19,0,0,0,0,0,0,0,1,1
2024-07-07 16:37:59,20,20,0,0,0,0,0,0,0,1,1
2024-07-07 16:37:59,21,21,0,0,0,0,0,0,0,1,1
2024-07-07 16:37:59,22,22,0,0,0,0,0,0,0,1,1
2024-07-07 16:37:59,23,23,0,0,0,0,0,0,0,1,1
2024-07-07 16:37:59,24,24,0,0,0,0,0,0,0,1,1
2024-07-07 16:37:59,25,25,0,0,0,0,0,0,0,1,1
2024-07-07 16:37:59,26,26,0,0,0,0,0,0,0,1,1
2024-07-07 16:37:59,27,27,0,0,0,0,0,0,0,1,1
2024-07-07 16:37:59,28,28,0,0,0,0,0,0,0,1,1
2024-07-07 16:37:59,29,29,0,0,0,0,0,0,0,1,1
2024-07-07 16:37:59,30,30,0,0,0,0,0,0,0,1,1
2024-07-07 16:37:59,31,31,0,0,0,0,0,0,0,1,1
2024-07-07 16:37:59,32,32,0,0,0,0,0,0,0,1,1
2024-07-07 16:37:59,33,33,0,0,0,0,0,0,0,1,1
2024-07-07 16:37:59,34,34,0,0,0,0,0,0,0,1,1
2024-07-07 16:37:59,35,35,0,0,0,0,0,0,0,1,1
2024-07-07 16:37:59,36,36,0,0,0,0,0,0,0,1,1
2024-07-07 16:37:59,37,37,0,0,0,0,0,0,0,1,1
2024-07-07 16:37:59,38,38,0,0,0,0,0,0,0,1,1
2024-07-07 16:37:59,39,39,0,0,0,0,0,0,0,1,1
2024-07-07 16:37:59,40,40,0,0,0,0,0,0,0,1,1
2024-07-07 16:37:59,41,41,0,0,0,0,0,0,0,1,1
2024-07-07 16:37:59,42,42,0,0,0,0,0,0,0,1,1
2024-07-07 16:37:59,43,43,0,0,0,0,0,0,0,1,1
2024-07-07 16:37:59,44,44,0,0,0,0,0,0,0,1,1
2024-07-07 16:37:59,45,45,0,0,0,0,0,0,0,1,1
2024-07-07 16:37:59,46,46,0,0,0,0,0,0,0,1,1
2024-07-07 16:37:59,47,47,0,0,0,0,0,0,0,1,1
2024-07-07 16:37:59,48,48,0,0,0,0,0,0,0,1,1
2024-07-07 16:37:59,49,49,0,0,0,0,0,0,0,1,1
2024-07-07 16:37:59,50,50,0,0,0,0,0,0,0,1,1
2024-07-07 16:37:59,51,51,0,0,0,0,0,0,0,1,1
2024-07-07 16:37:59,52,52,0,0,0,0,0,0,0,1,1
2024-07-07 16:37:59,53,53,0,0,0,0,0,0,0,1,1
2024-07-07 16:37:59,54,54,0,0,0,0,0,0,0,1,1
2024-07-07 16:37:59,55,55,0,0,0,0,0,0,0,1,1
2024-07-07 16:37:59,56,56,0,0,0,0,0,0,0,1,1
2024-07-07 16:37:59,57,57,0,0,0,0,0,0,0,1,1
2024-07-07 16:37:59,58,58,0,0,0,0,0,0,0,1,1
2024-07-07 16:37:59,59,59,0,1,0,0,0,0,0,1,1
2024-07-07 16:37:59,60,60,0,0,0,0,0,0,0,1,1
2024-07-07 16:37:59,61,61,0,0,0,0,0,0,0,1,1
2024-07-07 16:37:59,62,62,0,0,0,0,0,0,0,1,1
2024-07-07 16:37:59,63,63,0,0,0,0,0,0,0,1,1
2024-07-07 16:37:59,64,64,0,0,0,0,0,0,0,1,1
2024-07-07 16:37:59,65,65,0,0,0,0,0,0,0,1,1
2024-07-07 16:37:59,66,66,0,0,0,0,0,0,0,1,1
2024-07-07 16:37:59,67,67,0,0,0,0,0,0,0,1,1
2024-07-07 16:37:59,68,68,0,0,0,0,0,0,0,1,1
2024-07-07 16:37:59,69,69,0,0,0,0,0,0,0,1,1
2024-07-07 16:37:59,70,70,0,0,0,0,0,0,0,1,1
2024-07-07 16:37:59,71,71,0,0,0,0,0,0,0,1,1
2024-07-07 16:37:59,72,72,0,0,0,0,0,0,0,1,1
2024-07-07 16:37:59,73,73,0,0,0,0,0,0,0,1,1
2024-07-07 16:37:59,74,74,0,0,0,0,0,0,0,1,1
2024-07-07 16:37:59,75,75,0,0,0,0,0,0,0,1,1
2024-07-07 16:37:59,76,76,0,0,0,0,0,0,0,1,1
2024-07-07 16:37:59,77,77,0,0,0,0,0,0,0,1,1
2024-07-07 16:37:59,78,78,0,0,0,0,0,0,0,1,1
2024-07-07 16:37:59,79,79,0,0,0,0,0,0,0,1,1
2024-07-07 16:37:59,80,80,0,0,0,0,0,0,0,1,1
2024-07-07 16:37:59,81,81,0,0,0,0,0,0,0,1,1
2024-07-07 16:37:59,82,82,0,0,0,0,0,0,0,1,1
2024-07-07 16:37:59,83,83,0,0,0,0,0,0,0,1,1
2024-07-07 16:37:59,84,84,0,0,0,0,0,0,0,1,1
2024-07-07 16:37:59,85,85,0,0,0,0,0,0,0,1,1
2024-07-07 16:37:59,86,86,0,0,0,0,0,0,0,1,1
2024-07-07 16:37:59,87,87,0,0,0,0,0,0,0,1,1
2024-07-07 16:37:59,88,88,0,0,0,0,0,0,0,1,1
2024-07-07 16:37:59,89,89,0,0,0,0,0,0,0,1,1
2024-07-07 16:37:59,90,90,0,0,0,0,0,0,0,1,1
2024-07-07 16:37:59,91,91,0,0,0,0,0,0,0,1,1
2024-07-07 16:37:59,92,92,0,0,0,0,0,0,0,1,1
2024-07-07 16:37:59,93,93,0,0,0,0,0,0,0,1,1
2024-07-07 16:37:59,94,94,0,0,0,0,0,0,0,1,1
2024-07-07 16:37:59,95,95,0,0,0,0,0,0,0,1,1
2024-07-07 16:37:59,96,96,0,0,0,0,0,0,0,1,1
2024-07-07 16:37:59,97,97,0,0,0,0,0,0,0,1,1
2024-07-07 16:37:59,98,98,0,0,0,0,0,0,0,1,1
2024-07-07 16:37:59,99,99,0,0,0,0,0,0,0,1,1
2024-07-07 16:37:59,100,100,0,0,0,0,0,0,0,1,1
2024-07-07 16:37:59,101,101,0,0,0,0,0,0,0,1,1
2024-07-07 16:37:59,102,102,0,0,0,0,0,0,0,1,1
2024-07-07 16:37:59,103,103,0,0,0,0,0,0,0,1,1
2024-07-07 16:37:59,104,104,0,0,0,0,0,0,0,1,1
2024-07-07 16:37:59,105,105,0,0,0,0,0,0,0,1,1
2024-07-07 16:37:59,106,106,0,0,0,0,0,0,0,1,1
2024-07-07 16:37:59,107,107,0,0,0,0,0,0,0,1,1
2024-07-07 16:37:59,108,108,0,0,0,0,0,0,0,1,1
2024-07-07 16:37:59,109,109,0,0,0,0,0,0,0,1,1
2024-07-07 16:37:59,110,110,0,0,0,0,0,0,0,1,1
2024-07-07 16:37:59,111,111,0,0,0,0,0,0,0,1,1
2024-07-07 16:37:59,112,112,0,0,0,0,0,0,0,1,1
2024-07-07 16:37:59,113,113,0,0,0,0,0,0,0,1,1
2024-07-07 16:37:59,114,114,0,0,0,0,0,0,0,1,1
2024-07-07 16:37:59,115,115,0,0,0,0,0,0,0,1,1
2024-07-07 16:37:59,116,116,0,0,0,0,0,0,0,1,1
2024-07-07 16:37:59,117,117,0,0,0,0,0,0,0,1,1
2024-07-07 16:37:59,118,118,0,0,0,0,0,0,0,1,1
2024-07-07 16:37:59,119,119,0,0,0,0,0,0,0,1,1
2024-07-07 16:37:59,120,120,0,0,0,0,0,0,0,1,1
2024-07-07 16:37:59,121,121,0,0,0,0,0,0,0,1,1
2024-07-07 16:37:59,122,122,0,0,0,0,0,0,0,1,1
2024-07-07 16:37:59,123,123,0,0,0,0,0,0,0,1,1
2024-07-07 16:37:59,124,124,0,0,0,0,0,0,0,1,1
2024-07-07 16:37:59,125,125,0,0,0,0,0,0,0,1,1
2024-07-07 16:37:59,126,126,0,0,0,0,0,0,0,1,1
2024-07-07 16:37:59,127,127,0,0,0,0,0,0,0,1,1
2024-07-07 16:37:59,128,128,0,0,0,0,0,0,0,1,1
2024-07-07 16:37:59,129,129,0,0,0,0,0,0,0,1,1
2024-07-07 16:37:59,130,130,0,0,0,0,0,0,0,1,1
2024-07-07 16:37:59,131,131,0,0,0,0,0,0,0,1,1
2024-07-07 16:37:59,132,132,0,0,0,0,0,0,0,1,1
2024-07-07 16:37:59,133,133,0,0,0,0,0,0,0,1,1
2024-07-07 16:37:59,134,134,0,0,0,0,0,0,0,1,1
2024-07-07 16:37:59,135,135,0,0,0,0,0,0,0,1,1
2024-07-07 16:37:59,136,136,0,0,0,0,0,0,0,1,1
2024-07-07 16:37:59,137,137,0,0,0,0,0,0,0,1,1
2024-07-07 16:37:59,138,138,0,0,0,0,0,0,0,1,1
2024-07-07 16:37:59,139,139,0,0,0,0,0,0,0,1,1
2024-07-07 16:37:59,140,140,0,1,0,0,0,0,0,1,1
2024-07-07 16:37:59,141,141,0,0,0,0,0,0,0,1,1
2024-07-07 16:37:59,142,142,0,0,0,0,0,0,0,1,1
2024-07-07 16:37:59,143,143,0,0,0,0,0,0,0,1,1
2024-07-07 16:37:59,144,144,0,0,0,0,0,0,0,1,1
2024-07-07 16:37:59,145,145,0,0,0,0,0,0,0,1,1
2024-07-07 16:37:59,146,146,0,0,0,0,0,0,0,1,1
2024-07-07 16:37:59,147,147,0,0,0,0,0,0,0,1,1
2024-07-07 16:37:59,148,148,0,0,0,0,0,0,0,1,1
2024-07-07 16:37:59,149,149,0,0,0,0,0,0,0,1,1
2024-07-07 16:37:59,150,150,0,0,0,0,0,0,0,1,1
2024-07-07 16:37:59,151,151,0,0,0,0,0,0,0,1,1
2024-07-07 16:37:59,152,152,0,0,0,0,0,0,0,1,1
2024-07-07 16:37:59,153,153,0,0,0,0,0,0,0,1,1
2024-07-07 16:37:59,154,154,0,0,0,0,0,0,0,1,1
2024-07-07 16:37:59,155,155,0,0,0,0,0,0,0,1,1
2024-07-07 16:37:59,156,156,0,0,0,0,0,0,0,1,1
2024-07-07 16:37:59,157,157,0,0,0,0,0,0,0,1,1
2024-07-07 16:37:59,158,158,0,0,0,0,0,0,0,1,1
2024-07-07 16:37:59,159,159,0,0,0,0,0,0,0,1,1
2024-07-07 16:37:59,160,160,0,0,0,0,0,0,0,1,1
2024-07-07 16:37:59,161,161,0,0,0,0,0,0,0,1,1
2024-07-07 16:37:59,162,162,0,0,0,0,0,0,0,1,1
2024-07-07 16:37:59,163,163,0,0,0,0,0,0,0,1,1
2024-07-07 16:37:59,164,164,0,0,0,0,0,0,0,1,1
2024-07-07 16:37:59,165,165,0,0,0,0,0,0,0,1,1
2024-07-07 16:37:59,166,166,0,0,0,0,0,0,0,1,1
2024-07-07 16:37:59,167,167,0,0,0,0,0,0,0,1,1
2024-07-07 16:37:59,168,168,0,0,0,0,0,0,0,1,1
2024-07-07 16:37:59,169,169,0,0,0,0,0,0,0,1,1
2024-07-07 16:37:59,170,170,0,0,0,0,0,0,0,1,1
2024-07-07 16:37:59,171,171,0,0,0,0,0,0,0,1,1
2024-07-07 16:37:59,172,172,0,0,0,0,0,0,0,1,1
2024-07-07 16:37:59,173,173,0,0,0,0,0,0,0,1,1
2024-07-07 16:37:59,174,174,0,0,0,0,0,0,0,1,1
2024-07-07 16:37:59,175,175,0,0,0,0,0,0,0,1,1
2024-07-07 16:37:59,176,176,0,0,0,0,0,0,0,1,1
2024-07-07 16:37:59,177,177,0,0,0,0,0,0,0,1,1
2024-07-07 16:37:59,178,178,0,0,0,0,0,0,0,1,1
2024-07-07 16:37:59,179,179,0,0,0,0,0,0,0,1,1
2024-07-07 16:37:59,180,180,0,0,0,0,0,0,0,1,1
2024-07-07 16:37:59,181,181,0,0,0,0,0,0,0,1,1
2024-07-07 16:37:59,182,182,0,0,0,0,0,0,0,1,1
2024-07-07 16:37:59,183,183,0,0,0,0,0,0,0,1,1
2024-07-07 16:37:59,184,184,0,0,0,0,0,0,0,1,1
2024-07-07 16:37:59,185,185,0,0,0,0,0,0,0,1,1
2024-07-07 16:37:59,186,186,0,0,0,0,0,0,0,1,1
2024-07-07 16:37:59,187,187,0,0,0,0,0,0,0,1,1
2024-07-07 16:37:59,188,188,0,0,0,0,0,0,0,1,1
2024-07-07 16:37:59,189,189,0,0,0,0,0,0,0,1,1
2024-07-07 16:37:59,190,190,0,0,0,0,0,0,0,1,1
2024-07-07 16:37:59,191,191,0,0,0,0,0,0,0,1,1
2024-07-07 16:37:59,192,192,0,0,0,0,0,0,0,1,1
2024-07-07 16:37:59,193,193,0,0,0,0,0,0,0,1,1
2024-07-07 16:37:59,194,194,0,0,0,0,0,0,0,1,1
2024-07-07 16:37:59,195,195,0,0,0,0,0,0,0,1,1
2024-07-07 16:37:59,196,196,0,0,0,0,0,0,0,1,1
2024-07-07 16:37:59,197,197,0,0,0,0,0,0,0,1,1
2024-07-07 16:37:59,198,198,0,0,0,0,0,0,0,1,1
2024-07-07 16:37:59,199,199,0,0,0,0,0,0,0,1,1
2024-07-07 16:37:59,200,200,0,0,0,0,0,0,0,1,1
2024-07-07 16:37:59,201,201,0,0,0,0,0,0,0,1,1
2024-07-07 16:37:59,202,202,0,0,0,0,0,0,0,1,1
2024-07-07 16:37:59,203,203,0,0,0,0,0,0,0,1,1
2024-07-07 16:37:59,204,204,0,0,0,0,0,0,0,1,1
2024-07-07 16:37:59,205,205,0,0,0,0,0,0,0,1,1
2024-07-07 16:37:59,206,206,0,0,0,0,0,0,0,1,1
2024-07-07 16:37:59,207,207,0,0,0,0,0,0,0,1,1
2024-07-07 16:37:59,208,208,0,0,0,0,0,0,0,1,1
2024-07-07 16:37:59,209,209,0,0,0,0,0,0,0,1,1
2024-07-07 16:37:59,210,210,0,0,0,0,0,0,0,1,1
2024-07-07 16:37:59,211,211,0,0,0,0,0,0,0,1,1
2024-07-07 16:37:59,212,212,0,0,0,0,0,0,0,1,1
2024-07-07 16:37:59,213,213,0,0,0,0,0,0,0,1,1
2024-07-07 16:37:59,214,214,0,0,0,0,0,0,0,1,1
2024-07-07 16:37:59,215,215,0,0,0,0,0,0,0,1,1
2024-07-07 16:37:59,216,216,0,0,0,0,0,0,0,1,1
2024-07-07 16:37:59,217,217,0,0,0,0,0,0,0,1,1
2024-07-07 16:37:59,218,218,0,0,0,0,0,0,0,1,1
2024-07-07 16:37:59,219,219,0,0,0,0,0,0,0,1,1
2024-07-07 16:37:59,220,220,0,0,0,0,0,0,0,1,1
2024-07-07 16:37:59,221,221,0,0,0,0,0,0,0,1,1
2024-07-07 16:37:59,222,222,0,0,0,0,0,0,0,1,1
2024-07-07 16:37:59,223,223,0,0,0,0,0,0,0,1,1
2024-07-07 16:37:59,224,224,0,0,0,0,0,0,0,1,1
2024-07-07 16:37:59,225,225,0,0,0,0,0,0,0,1,1
2024-07-07 16:37:59,226,226,0,0,0,0,0,0,0,1,1
2024-07-07 16:37:59,227,227,0,0,0,0,0,0,0,1,1
2024-07-07 16:37:59,228,228,0,0,0,0,0,0,0,1,1
2024-07-07 16:37:59,229,229,0,0,0,0,0,0,0,1,1
2024-07-07 16:37:59,230,230,0,0,0,0,0,0,0,1,1
2024-07-07 16:37:59,231,231,0,0,0,0,0,0,0,1,1
2024-07-07 16:37:59,232,232,0,0,0,0,0,0,0,1,1
2024-07-07 16:37:59,233,233,0,0,0,0,0,0,0,1,1
2024-07-07 16:37:59,234,234,0,0,0,0,0,0,0,1,1
2024-07-07 16:37:59,235,235,0,0,0,0,0,0,0,1,1
2024-07-07 16:37:59,236,236,0,0,0,0,0,0,0,1,1
2024-07-07 16:37:59,237,237,0,0,0,0,0,0,0,1,1
2024-07-07 16:37:59,238,238,0,0,0,0,0,0,0,1,1
2024-07-07 16:37:59,239,239,0,0,0,0,0,0,0,1,1
2024-07-07 16:37:59,240,240,0,0,0,0,0,0,0,1,1
2024-07-07 16:37:59,241,241,0,0,0,0,0,0,0,1,1
2024-07-07 16:37:59,242,242,0,0,0,0,0,0,0,1,1
2024-07-07 16:37:59,243,243,0,0,0,0,0,0,0,1,1
2024-07-07 16:37:59,244,244,0,0,0,0,0,0,0,1,1
2024-07-07 16:37:59,245,245,0,0,0,0,0,0,0,1,1
2024-07-07 16:37:59,246,246,0,0,0,0,0,0,0,1,1
2024-07-07 16:37:59,247,247,0,0,0,0,0,0,0,1,1
2024-07-07 16:37:59,248,248,0,0,0,0,0,0,0,1,1
2024-07-07 16:37:59,249,249,0,0,0,0,0,0,0,1,1
2024-07-07 16:37:59,250,250,0,0,0,0,0,0,0,1,1
2024-07-07 16:37:59,251,251,0,0,0,0,0,0,0,1,1
2024-07-07 16:37:59,252,252,0,0,0,0,0,0,0,1,1
2024-07-07 16:37:59,253,253,0,0,0,0,0,0,0,1,1
2024-07-07 16:37:59,254,254,0,0,0,0,0,0,0,1,1
2024-07-07 16:37:59,255,255,0,0,0,0,0,0,0,1,1
2024-07-07 16:37:59,256,256,0,0,0,0,0,0,0,1,1
2024-07-07 16:37:59,257,257,0,0,0,0,0,0,0,1,1
2024-07-07 16:37:59,258,258,0,0,0,0,0,0,0,1,1
2024-07-07 16:37:59,259,259,0,0,0,0,0,0,0,1,1
2024-07-07 16:37:59,260,260,0,0,0,0,0,0,0,1,1
2024-07-07 16:37:59,261,261,0,1,0,0,0,0,0,1,1
2024-07-07 16:37:59,262,262,0,0,0,0,0,0,0,1,1
2024-07-07 16:37:59,263,263,0,0,0,0,0,0,0,1,1
2024-07-07 16:37:59,264,264,0,0,0,0,0,0,0,1,1
2024-07-07 16:37:59,265,265,0,0,0,0,0,0,0,1,1
2024-07-07 16:37:59,266,266,0,0,0,0,0,0,0,1,1
2024-07-07 16:37:59,267,267,0,0,0,0,0,0,0,1,1
2024-07-07 16:37:59,268,268,0,0,0,0,0,0,0,1,1
2024-07-07 16:37:59,269,269,0,0,0,0,0,0,0,1,1
2024-07-07 16:37:59,270,270,0,0,0,0,0,0,0,1,1
2024-07-07 16:37:59,271,271,0,0,0,0,0,0,0,1,1
2024-07-07 16:37:59,272,272,0,0,0,0,0,0,0,1,1
2024-07-07 16:37:59,273,273,0,0,0,0,0,0,0,1,1
2024-07-07 16:37:59,274,274,0,0,0,0,0,0,0,1,1
2024-07-07 16:37:59,275,275,0,0,0,0,0,0,0,1,1
2024-07-07 16:37:59,276,276,0,0,0,0,0,0,0,1,1
2024-07-07 16:37:59,277,277,0,0,0,0,0,0,0,1,1
2024-07-07 16:37:59,278,278,0,0,0,0,0,0,0,1,1
2024-07-07 16:37:59,279,279,0,0,0,0,0,0,0,1,1
2024-07-07 16:37:59,280,280,0,0,0,0,0,0,0,1,1
2024-07-07 16:37:59,281,281,0,0,0,0,0,0,0,1,1
2024-07-07 16:37:59,282,282,0,0,0,0,0,0,0,1,1
2024-07-07 16:37:59,283,283,0,0,0,0,0,0,0,1,1
2024-07-07 16:37:59,284,284,0,0,0,0,0,0,0,1,1
2024-07-07 16:37:59,285,285,0,0,0,0,0,0,0,1,1
2024-07-07 16:37:59,286,286,0,0,0,0,0,0,0,1,1
2024-07-07 16:37:59,287,287,0,0,0,0,0,0,0,1,1
2024-07-07 16:37:59,288,288,0,0,0,0,0,0,0,1,1
2024-07-07 16:37:59,289,289,0,0,0,0,0,0,0,1,1
2024-07-07 16:37:59,290,290,0,0,0,0,0,0,0,1,1
2024-07-07 16:37:59,291,291,0,0,0,0,0,0,0,1,1
2024-07-07 16:37:59,292,292,0,0,0,0,0,0,0,1,1
2024-07-07 16:37:59,293,293,0,0,0,0,0,0,0,1,1
2024-07-07 16:37:59,294,294,0,0,0,0,0,0,0,1,1
2024-07-07 16:37:59,295,295,0,0,0,0,0,0,0,1,1
2024-07-07 16:37:59,296,296,0,0,0,0,0,0,0,1,1
2024-07-07 16:37:59,297,297,0,0,0,0,0,0,0,1,1
2024-07-07 16:37:59,298,298,0,0,0,0,0,0,0,1,1
2024-07-07 16:37:59,299,299,0,0,0,0,0,0,0,1,1
2024-07-07 16:37:59,300,300,0,0,0,0,0,0,0,1,1
2024-07-07 16:37:59,301,301,0,0,0,0,0,0,0,1,1
2024-07-07 16:37:59,302,302,0,0,0,0,0,0,0,1,1
2024-07-07 16:37:59,303,303,0,0,0,0,0,0,0,1,1
2024-07-07 16:37:59,304,304,0,0,0,0,0,0,0,1,1
2024-07-07 16:37:59,305,305,0,0,0,0,0,0,0,1,1
2024-07-07 16:37:59,306,306,0,0,0,0,0,0,0,1,1
2024-07-07 16:37:59,307,307,0,0,0,0,0,0,0,1,1
2024-07-07 16:37:59,308,308,0,0,0,0,0,0,0,1,1
2024-07-07 16:37:59,309,309,0,0,0,0,0,0,0,1,1
2024-07-07 16:37:59,310,310,0,0,0,0,0,0,0,1,1
2024-07-07 16:37:59,311,311,0,0,0,0,0,0,0,1,1
2024-07-07 16:37:59,312,312,0,0,0,0,0,0,0,1,1
2024-07-07 16:37:59,313,313,0,0,0,0,0,0,0,1,1
2024-07-07 16:37:59,314,314,0,0,0,0,0,0,0,1,1
2024-07-07 16:37:59,315,315,0,0,0,0,0,0,0,1,1
2024-07-07 16:37:59,316,316,0,0,0,0,0,0,0,1,1
2024-07-07 16:37:59,317,317,0,0,0,0,0,0,0,1,1
2024-07-07 16:37:59,318,318,0,0,0,0,0,0,0,1,1
2024-07-07 16:37:59,319,319,0,0,0,0,0,0,0,1,1
2024-07-07 16:37:59,320,320,0,0,0,0,0,0,0,1,1
2024-07-07 16:37:59,321,321,0,0,0,0,0,0,0,1,1
2024-07-07 16:37:59,322,322,0,0,0,0,0,0,0,1,1
2024-07-07 16:37:59,323,323,0,0,0,0,0,0,0,1,1
2024-07-07 16:37:59,324,324,0,0,0,0,0,0,0,1,1
2024-07-07 16:37:59,325,325,0,0,0,0,0,0,0,1,1
2024-07-07 16:37:59,326,326,0,0,0,0,0,0,0,1,1
2024-07-07 16:37:59,327,327,0,0,0,0,0,0,0,1,1
2024-07-07 16:37:59,328,328,0,0,0,0,0,0,0,1,1
2024-07-07 16:37:59,329,329,0,0,0,0,0,0,0,1,1
2024-07-07 16:37:59,330,330,0,0,0,0,0,0,0,1,1
2024-07-07 16:37:59,331,331,0,0,0,0,0,0,0,1,1
2024-07-07 16:37:59,332,332,0,0,0,0,0,0,0,1,1
2024-07-07 16:37:59,333,333,0,0,0,0,0,0,0,1,1
2024-07-07 16:37:59,334,334,0,0,0,0,0,0,0,1,1
2024-07-07 16:37:59,335,335,0,0,0,0,0,0,0,1,1
2024-07-07 16:37:59,336,336,0,0,0,0,0,0,0,1,1
2024-07-07 16:37:59,337,337,0,0,0,0,0,0,0,1,1
2024-07-07 16:37:59,338,338,0,0,0,0,0,0,0,1,1
2024-07-07 16:37:59,339,339,0,0,0,0,0,0,0,1,1
2024-07-07 16:37:59,340,340,0,0,0,0,0,0,0,1,1
2024-07-07 16:37:59,341,341,0,0,0,0,0,0,0,1,1
2024-07-07 16:37:59,342,342,0,1,0,0,0,0,0,1,1
2024-07-07 16:37:59,343,343,0,0,0,0,0,0,0,1,1
2024-07-07 16:37:59,344,344,0,0,0,0,0,0,0,1,1
2024-07-07 16:37:59,345,345,0,0,0,0,0,0,0,1,1
2024-07-07 16:37:59,346,346,0,0,0,0,0,0,0,1,1
2024-07-07 16:37:59,347,347,0,0,0,0,0,0,0,1,1
2024-07-07 16:37:59,348,348,0,0,0,0,0,0,0,1,1
2024-07-07 16:37:59,349,349,0,0,0,0,0,0,0,1,1
2024-07-07 16:37:59,350,350,0,0,0,0,0,0,0,1,1
2024-07-07 16:37:59,351,351,0,0,0,0,0,0,0,1,1
2024-07-07 16:37:59,352,352,0,0,0,0,0,0,0,1,1
2024-07-07 16:37:59,353,353,0,0,0,0,0,0,0,1,1
2024-07-07 16:37:59,354,354,0,0,0,0,0,0,0,1,1
2024-07-07 16:37:59,355,355,0,0,0,0,0,0,0,1,1
2024-07-07 16:37:59,356,356,0,0,0,0,0,0,0,1,1
2024-07-07 16:37:59,357,357,0,0,0,0,0,0,0,1,1
2024-07-07 16:37:59,358,358,0,0,0,0,0,0,0,1,1
2024-07-07 16:37:59,359,359,0,0,0,0,0,0,0,1,1
2024-07-07 16:37:59,360,360,0,0,0,0,0,0,0,1,1
2024-07-07 16:37:59,361,361,0,0,0,0,0,0,0,1,1
2024-07-07 16:37:59,362,362,0,0,0,0,0,0,0,1,1
2024-07-07 16:37:59,363,363,0,0,0,0,0,0,0,1,1
2024-07-07 16:37:59,364,364,0,0,0,0,0,0,0,1,1
2024-07-07 16:37:59,365,365,0,0,0,0,0,0,0,1,1
2024-07-07 16:37:59,366,366,0,0,0,0,0,0,0,1,1
2024-07-07 16:37:59,367,367,0,0,0,0,0,0,0,1,1
2024-07-07 16:37:59,368,368,0,0,0,0,0,0,0,1,1
2024-07-07 16:37:59,369,369,0,0,0,0,0,0,0,1,1
2024-07-07 16:37:59,370,370,0,0,0,0,0,0,0,1,1
2024-07-07 16:37:59,371,371,0,0,0,0,0,0,0,1,1
2024-07-07 16:37:59,372,372,0,0,0,0,0,0,0,1,1
2024-07-07 16:37:59,373,373,0,0,0,0,0,0,0,1,1
2024-07-07 16:37:59,374,374,0,0,0,0,0,0,0,1,1
2024-07-07 16:37:59,375,375,0,0,0,0,0,0,0,1,1
2024-07-07 16:37:59,376,376,0,0,0,0,0,0,0,1,1
2024-07-07 16:37:59,377,377,0,0,0,0,0,0,0,1,1
2024-07-07 16:37:59,378,378,0,0,0,0,0,0,0,1,1
2024-07-07 16:37:59,379,379,0,0,0,0,0,0,0,1,1
2024-07-07 16:37:59,380,380,0,0,0,0,0,0,0,1,1
2024-07-07 16:37:59,381,381,0,0,0,0,0,0,0,1,1
2024-07-07 16:37:59,382,382,0,0,0,0,0,0,0,1,1
2024-07-07 16:37:59,383,383,0,0,0,0,0,0,0,1,1
2024-07-07 16:37:59,384,384,0,0,0,0,0,0,0,1,1
2024-07-07 16:37:59,385,385,0,0,0,0,0,0,0,1,1
2024-07-07 16:37:59,386,386,0,0,0,0,0,0,0,1,1
2024-07-07 16:37:59,387,387,0,0,0,0,0,0,0,1,1
2024-07-07 16:37:59,388,388,0,0,0,0,0,0,0,1,1
2024-07-07 16:37:59,389,389,0,0,0,0,0,0,0,1,1
2024-07-07 16:37:59,390,390,0,0,0,0,0,0,0,1,1
2024-07-07 16:37:59,391,391,0,0,0,0,0,0,0,1,1
2024-07-07 16:37:59,392,392,0,0,0,0,0,0,0,1,1
2024-07-07 16:37:59,393,393,0,0,0,0,0,0,0,1,1
2024-07-07 16:37:59,394,394,0,0,0,0,0,0,0,1,1
2024-07-07 16:37:59,395,395,0,0,0,0,0,0,0,1,1
2024-07-07 16:37:59,396,396,0,0,0,0,0,0,0,1,1
2024-07-07 16:37:59,397,397,0,0,0,0,0,0,0,1,1
2024-07-07 16:37:59,398,398,0,0,0,0,0,0,0,1,1
2024-07-07 16:37:59,399,399,0,0,0,0,0,0,0,1,1
2024-07-07 16:37:59,400,400,0,0,0,0,0,0,0,1,1
2024-07-07 16:37:59,401,401,0,0,0,0,0,0,0,1,1
2024-07-07 16:37:59,402,402,0,0,0,0,0,0,0,1,1
2024-07-07 16:37:59,403,403,0,0,0,0,0,0,0,1,1
2024-07-07 16:37:59,404,404,0,0,0,0,0,0,0,1,1
2024-07-07 16:37:59,405,405,0,0,0,0,0,0,0,1,1
2024-07-07 16:37:59,406,406,0,0,0,0,0,0,0,1,1
2024-07-07 16:37:59,407,407,0,0,0,0,0,0,0,1,1
2024-07-07 16:37:59,408,408,0,0,0,0,0,0,0,1,1
2024-07-07 16:37:59,409,409,0,0,0,0,0,0,0,1,1
2024-07-07 16:37:59,410,410,0,0,0,0,0,0,0,1,1
2024-07-07 16:37:59,411,411,0,0,0,0,0,0,0,1,1
2024-07-07 16:37:59,412,412,0,0,0,0,0,0,0,1,1
2024-07-07 16:37:59,413,413,0,0,0,0,0,0,0,1,1
2024-07-07 16:37:59,414,414,0,0,0,0,0,0,0,1,1
2024-07-07 16:37:59,415,415,0,0,0,0,0,0,0,1,1
2024-07-07 16:37:59,416,416,0,0,0,0,0,0,0,1,1
2024-07-07 16:37:59,417,417,0,0,0,0,0,0,0,1,1
2024-07-07 16:37:59,418,418,0,0,0,0,0,0,0,1,1
2024-07-07 16:37:59,419,419,0,0,0,0,0,0,0,1,1
2024-07-07 16:37:59,420,420,0,0,0,0,0,0,0,1,1
2024-07-07 16:37:59,421,421,0,0,0,0,0,0,0,1,1
2024-07-07 16:37:59,422,422,0,0,0,0,0,0,0,1,1
2024-07-07 16:37:59,423,423,0,0,0,0,0,0,0,1,1
2024-07-07 16:37:59,424,424,0,0,0,0,0,0,0,1,1
2024-07-07 16:37:59,425,425,0,0,0,0,0,0,0,1,1
2024-07-07 16:37:59,426,426,0,0,0,0,0,0,0,1,1
2024-07-07 16:37:59,427,427,0,0,0,0,0,0,0,1,1
2024-07-07 16:37:59,428,428,0,0,0,0,0,0,0,1,1
2024-07-07 16:37:59,429,429,0,0,0,0,0,0,0,1,1
2024-07-07 16:37:59,430,430,0,0,0,0,0,0,0,1,1
2024-07-07 16:37:59,431,431,0,0,0,0,0,0,0,1,1
2024-07-07 16:37:59,432,432,0,0,0,0,0,0,0,1,1
2024-07-07 16:37:59,433,433,0,0,0,0,0,0,0,1,1
2024-07-07 16:37:59,434,434,0,0,0,0,0,0,0,1,1
2024-07-07 16:37:59,435,435,0,0,0,0,0,0,0,1,1
2024-07-07 16:37:59,436,436,0,0,0,0,0,0,0,1,1
2024-07-07 16:37:59,437,437,0,0,0,0,0,0,0,1,1
2024-07-07 16:37:59,438,438,0,0,0,0,0,0,0,1,1
2024-07-07 16:37:59,439,439,0,0,0,0,0,0,0,1,1
2024-07-07 16:37:59,440,440,0,0,0,0,0,0,0,1,1
2024-07-07 16:37:59,441,441,0,0,0,0,0,0,0,1,1
2024-07-07 16:37:59,442,442,0,0,0,0,0,0,0,1,1
2024-07-07 16:37:59,443,443,0,0,0,0,0,0,0,1,1
2024-07-07 16:37:59,444,444,0,0,0,0,0,0,0,1,1
2024-07-07 16:37:59,445,445,0,0,0,0,0,0,0,1,1
2024-07-07 16:37:59,446,446,0,0,0,0,0,0,0,1,1
2024-07-07 16:37:59,447,447,0,0,0,0,0,0,0,1,1
2024-07-07 16:37:59,448,448,0,0,0,0,0,0,0,1,1
2024-07-07 16:37:59,449,449,0,0,0,0,0,0,0,1,1
2024-07-07 16:37:59,450,450,0,0,0,0,0,0,0,1,1
2024-07-07 16:37:59,451,451,0,0,0,0,0,0,0,1,1
2024-07-07 16:37:59,452,452,0,0,0,0,0,0,0,1,1
2024-07-07 16:37:59,453,453,0,0,0,0,0,0,0,1,1
2024-07-07 16:37:59,454,454,0,0,0,0,0,0,0,1,1
2024-07-07 16:37:59,455,455,0,0,0,0,0,0,0,1,1
2024-07-07 16:37:59,456,456,0,0,0,0,0,0,0,1,1
2024-07-07 16:37:59,457,457,0,0,0,0,0,0,0,1,1
2024-07-07 16:37:59,458,458,0,0,0,0,0,0,0,1,1
2024-07-07 16:37:59,459,459,0,0,0,0,0,0,0,1,1
2024-07-07 16:37:59,460,460,0,0,0,0,0,0,0,1,1
2024-07-07 16:37:59,461,461,0,0,0,0,0,0,0,1,1
2024-07-07 16:37:59,462,462,0,0,0,0,0,0,0,1,1
2024-07-07 16:37:59,463,463,0,1,0,0,0,0,0,1,1
2024-07-07 16:37:59,464,464,0,0,0,0,0,0,0,1,1
2024-07-07 16:37:59,465,465,0,0,0,0,0,0,0,1,1
2024-07-07 16:37:59,466,466,0,0,0,0,0,0,0,1,1
2024-07-07 16:37:59,467,467,0,0,0,0,0,0,0,1,1
2024-07-07 16:37:59,468,468,0,0,0,0,0,0,0,1,1
2024-07-07 16:37:59,469,469,0,0,0,0,0,0,0,1,1
2024-07-07 16:37:59,470,470,0,0,0,0,0,0,0,1,1
2024-07-07 16:37:59,471,471,0,0,0,0,0,0,0,1,1
2024-07-07 16:37:59,472,472,0,0,0,0,0,0,0,1,1
2024-07-07 16:37:59,473,473,0,0,0,0,0,0,0,1,1
2024-07-07 16:37:59,474,474,0,0,0,0,0,0,0,1,1
2024-07-07 16:37:59,475,475,0,0,0,0,0,0,0,1,1
2024-07-07 16:37:59,476,476,0,0,0,0,0,0,0,1,1
2024-07-07 16:37:59,477,477,0,0,0,0,0,0,0,1,1
2024-07-07 16:37:59,478,478,0,0,0,0,0,0,0,1,1
2024-07-07 16:37:59,479,479,0,0,0,0,0,0,0,1,1
2024-07-07 16:37:59,480,480,0,0,0,0,0,0,0,1,1
2024-07-07 16:37:59,481,481,0,0,0,0,0,0,0,1,1
2024-07-07 16:37:59,482,482,0,0,0,0,0,0,0,1,1
2024-07-07 16:37:59,483,483,0,0,0,0,0,0,0,1,1
2024-07-07 16:37:59,484,484,0,0,0,0,0,0,0,1,1
2024-07-07 16:37:59,485,485,0,0,0,0,0,0,0,1,1
2024-07-07 16:37:59,486,486,0,0,0,0,0,0,0,1,1
2024-07-07 16:37:59,487,487,0,0,0,0,0,0,0,1,1
2024-07-07 16:37:59,488,488,0,0,0,0,0,0,0,1,1
2024-07-07 16:37:59,489,489,0,0,0,0,0,0,0,1,1
2024-07-07 16:37:59,490,490,0,0,0,0,0,0,0,1,1
2024-07-07 16:37:59,491,491,0,0,0,0,0,0,0,1,1
2024-07-07 16:37:59,492,492,0,0,0,0,0,0,0,1,1
2024-07-07 16:37:59,493,493,0,0,0,0,0,0,0,1,1
2024-07-07 16:37:59,494,494,0,0,0,0,0,0,0,1,1
2024-07-07 16:37:59,495,495,0,0,0,0,0,0,0,1,1
2024-07-07 16:37:59,496,496,0,0,0,0,0,0,0,1,1
2024-07-07 16:37:59,497,497,0,0,0,0,0,0,0,1,1
2024-07-07 16:37:59,498,498,0,0,0,0,0,0,0,1,1
2024-07-07 16:37:59,499,499,0,0,0,0,0,0,0,1,1
2024-07-07 16:37:59,500,500,0,0,0,0,0,0,0,1,1
2024-07-07 16:37:59,501,501,0,0,0,0,0,0,0,1,1
2024-07-07 16:37:59,502,502,0,0,0,0,0,0,0,1,1
2024-07-07 16:37:59,503,503,0,0,0,0,0,0,0,1,1
2024-07-07 16:37:59,504,504,0,0,0,0,0,0,0,1,1
2024-07-07 16:37:59,505,505,0,0,0,0,0,0,0,1,1
2024-07-07 16:37:59,506,506,0,0,0,0,0,0,0,1,1
2024-07-07 16:37:59,507,507,0,0,0,0,0,0,0,1,1
2024-07-07 16:37:59,508,508,0,0,0,0,0,0,0,1,1
2024-07-07 16:37:59,509,509,0,0,0,0,0,0,0,1,1
2024-07-07 16:37:59,510,510,0,0,0,0,0,0,0,1,1
2024-07-07 16:37:59,511,511,0,0,0,0,0,0,0,1,1
2024-07-07 16:37:59,512,512,1,0,0,0,0,0,0,1,1
2024-07-07 16:37:59,513,513,0,0,0,0,0,0,0,1,1
2024-07-07 16:37:59,514,514,0,0,0,0,0,0,0,1,1
2024-07-07 16:37:59,515,515,0,0,0,0,0,0,0,1,1
2024-07-07 16:37:59,516,516,0,0,0,0,0,0,0,1,1
2024-07-07 16:37:59,517,517,0,0,0,0,0,0,0,1,1
2024-07-07 16:37:59,518,518,0,0,0,0,0,0,0,1,1
2024-07-07 16:37:59,519,519,0,0,0,0,0,0,0,1,1
2024-07-07 16:37:59,520,520,0,0,0,0,0,0,0,1,1
2024-07-07 16:37:59,521,521,0,0,0,0,0,0,0,1,1
2024-07-07 16:37:59,522,522,0,0,0,0,0,0,0,1,1
2024-07-07 16:37:59,523,523,0,0,0,0,0,0,0,1,1
2024-07-07 16:37:59,524,524,0,0,0,0,0,0,0,1,1
2024-07-07 16:37:59,525,525,0,0,0,0,0,0,0,1,1
2024-07-07 16:37:59,526,526,0,0,0,0,0,0,0,1,1
2024-07-07 16:37:59,527,527,0,0,0,0,0,0,0,1,1
2024-07-07 16:37:59,528,528,0,0,0,0,0,0,0,1,1
2024-07-07 16:37:59,529,529,0,0,0,0,0,0,0,1,1
2024-07-07 16:37:59,530,530,0,0,0,0,0,0,0,1,1
2024-07-07 16:37:59,531,531,0,0,0,0,0,0,0,1,1
2024-07-07 16:37:59,532,532,0,0,0,0,0,0,0,1,1
2024-07-07 16:37:59,533,533,0,0,0,0,0,0,0,1,1
2024-07-07 16:37:59,534,534,0,0,0,0,0,0,0,1,1
2024-07-07 16:37:59,535,535,0,0,0,0,0,0,0,1,1
2024-07-07 16:37:59,536,536,0,0,0,0,0,0,0,1,1
2024-07-07 16:37:59,537,537,0,0,0,0,0,0,0,1,1
2024-07-07 16:37:59,538,538,0,0,0,0,0,0,0,1,1
2024-07-07 16:37:59,539,539,0,0,0,0,0,0,0,1,1
2024-07-07 16:37:59,540,540,0,0,0,0,0,0,0,1,1
2024-07-07 16:37:59,541,541,0,0,0,0,0,0,0,1,1
2024-07-07 16:37:59,542,542,0,0,0,0,0,0,0,1,1
2024-07-07 16:37:59,543,543,0,0,0,0,0,0,0,1,1
2024-07-07 16:37:59,544,544,0,1,0,0,0,0,0,1,1
2024-07-07 16:37:59,545,545,0,0,0,0,0,0,0,1,1
2024-07-07 16:37:59,546,546,0,0,0,0,0,0,0,1,1
2024-07-07 16:37:59,547,547,0,0,0,0,0,0,0,1,1
2024-07-07 16:37:59,548,548,0,0,0,0,0,0,0,1,1
2024-07-07 16:37:59,549,549,0,0,0,0,0,0,0,1,1
2024-07-07 16:37:59,550,550,0,0,0,0,0,0,0,1,1
2024-07-07 16:37:59,551,551,0,0,0,0,0,0,0,1,1
2024-07-07 16:37:59,552,552,0,0,0,0,0,0,0,1,1
2024-07-07 16:37:59,553,553,0,0,0,0,0,0,0,1,1
2024-07-07 16:37:59,554,554,0,0,0,0,0,0,0,1,1
2024-07-07 16:37:59,555,555,0,0,0,0,0,0,0,1,1
2024-07-07 16:37:59,556,556,0,0,0,0,0,0,0,1,1
2024-07-07 16:37:59,557,557,0,0,0,0,0,0,0,1,1
2024-07-07 16:37:59,558,558,0,0,0,0,0,0,0,1,1
2024-07-07 16:37:59,559,559,0,0,0,0,0,0,0,1,1
2024-07-07 16:37:59,560,560,0,0,0,0,0,0,0,1,1
2024-07-07 16:37:59,561,561,0,0,0,0,0,0,0,1,1
2024-07-07 16:37:59,562,562,0,0,0,0,0,0,0,1,1
2024-07-07 16:37:59,563,563,0,0,0,0,0,0,0,1,1
2024-07-07 16:37:59,564,564,0,0,0,0,0,0,0,1,1
2024-07-07 16:37:59,565,565,0,0,0,0,0,0,0,1,1
2024-07-07 16:37:59,566,566,0,0,0,0,0,0,0,1,1
2024-07-07 16:37:59,567,567,0,0,0,0,0,0,0,1,1
2024-07-07 16:37:59,568,568,0,0,0,0,0,0,0,1,1
2024-07-07 16:37:59,569,569,0,0,0,0,0,0,0,1,1
2024-07-07 16:37:59,570,570,0,0,0,0,0,0,0,1,1
2024-07-07 16:37:59,571,571,0,0,0,0,0,0,0,1,1
2024-07-07 16:37:59,572,572,0,0,0,0,0,0,0,1,1
2024-07-07 16:37:59,573,573,0,0,0,0,0,0,0,1,1
2024-07-07 16:37:59,574,574,0,0,0,0,0,0,0,1,1
2024-07-07 16:37:59,575,575,0,0,0,0,0,0,0,1,1
2024-07-07 16:37:59,576,576,0,0,0,0,0,0,0,1,1
2024-07-07 16:37:59,577,577,0,0,0,0,0,0,0,1,1
2024-07-07 16:37:59,578,578,0,0,0,0,0,0,0,1,1
2024-07-07 16:37:59,579,579,0,0,0,0,0,0,0,1,1
2024-07-07 16:37:59,580,580,0,0,0,0,0,0,0,1,1
2024-07-07 16:37:59,581,581,0,0,0,0,0,0,0,1,1
2024-07-07 16:37:59,582,582,0,0,0,0,0,0,0,1,1
2024-07-07 16:37:59,583,583,0,0,0,0,0,0,0,1,1
2024-07-07 16:37:59,584,584,0,0,0,0,0,0,0,1,1
2024-07-07 16:37:59,585,585,0,0,0,0,0,0,0,1,1
2024-07-07 16:37:59,586,586,0,0,0,0,0,0,0,1,1
2024-07-07 16:37:59,587,587,0,0,0,0,0,0,0,1,1
2024-07-07 16:37:59,588,588,0,0,0,0,0,0,0,1,1
2024-07-07 16:37:59,589,589,0,0,0,0,0,0,0,1,1
2024-07-07 16:37:59,590,590,0,0,0,0,0,0,0,1,1
2024-07-07 16:37:59,591,591,0,0,0,0,0,0,0,1,1
2024-07-07 16:37:59,592,592,0,0,0,0,0,0,0,1,1
2024-07-07 16:37:59,593,593,0,0,0,0,0,0,0,1,1
2024-07-07 16:37:59,594,594,0,0,0,0,0,0,0,1,1
2024-07-07 16:37:59,595,595,0,0,0,0,0,0,0,1,1
2024-07-07 16:37:59,596,596,0,0,0,0,0,0,0,1,1
2024-07-07 16:37:59,597,597,0,0,0,0,0,0,0,1,1
2024-07-07 16:37:59,598,598,0,0,0,0,0,0,0,1,1
2024-07-07 16:37:59,599,599,0,0,0,0,0,0,0,1,1
2024-07-07 16:37:59,600,600,0,0,0,0,0,0,0,1,1
2024-07-07 16:37:59,601,601,0,0,0,0,0,0,0,1,1
2024-07-07 16:37:59,602,602,0,0,0,0,0,0,0,1,1
2024-07-07 16:37:59,603,603,0,0,0,0,0,0,0,1,1
2024-07-07 16:37:59,604,604,0,0,0,0,0,0,0,1,1
2024-07-07 16:37:59,605,605,0,0,0,0,0,0,0,1,1
2024-07-07 16:37:59,606,606,0,0,0,0,0,0,0,1,1
2024-07-07 16:37:59,607,607,0,0,0,0,0,0,0,1,1
2024-07-07 16:37:59,608,608,0,0,0,0,0,0,0,1,1
2024-07-07 16:37:59,609,609,0,0,0,0,0,0,0,1,1
2024-07-07 16:37:59,610,610,0,0,0,0,0,0,0,1,1
2024-07-07 16:37:59,611,611,0,0,0,0,0,0,0,1,1
2024-07-07 16:37:59,612,612,0,0,0,0,0,0,0,1,1
2024-07-07 16:37:59,613,613,0,0,0,0,0,0,0,1,1
2024-07-07 16:37:59,614,614,0,0,0,0,0,0,0,1,1
2024-07-07 16:37:59,615,615,0,0,0,0,0,0,0,1,1
2024-07-07 16:37:59,616,616,0,0,0,0,0,0,0,1,1
2024-07-07 16:37:59,617,617,0,0,0,0,0,0,0,1,1
2024-07-07 16:37:59,618,618,0,0,0,0,0,0,0,1,1
2024-07-07 16:37:59,619,619,0,0,0,0,0,0,0,1,1
2024-07-07 16:37:59,620,620,0,0,0,0,0,0,0,1,1
2024-07-07 16:37:59,621,621,0,0,0,0,0,0,0,1,1
2024-07-07 16:37:59,622,622,0,0,0,0,0,0,0,1,1
2024-07-07 16:37:59,623,623,0,0,0,0,0,0,0,1,1
2024-07-07 16:37:59,624,624,0,0,0,0,0,0,0,1,1
2024-07-07 16:37:59,625,625,0,0,0,0,0,0,0,1,1
2024-07-07 16:37:59,626,626,0,0,0,0,0,0,0,1,1
2024-07-07 16:37:59,627,627,0,0,0,0,0,0,0,1,1
2024-07-07 16:37:59,628,628,0,0,0,0,0,0,0,1,1
2024-07-07 16:37:59,629,629,0,0,0,0,0,0,0,1,1
2024-07-07 16:37:59,630,630,0,0,0,0,0,0,0,1,1
2024-07-07 16:37:59,631,631,0,0,0,0,0,0,0,1,1
2024-07-07 16:37:59,632,632,0,0,0,0,0,0,0,1,1
2024-07-07 16:37:59,633,633,0,0,0,0,0,0,0,1,1
2024-07-07 16:37:59,634,634,0,0,0,0,0,0,0,1,1
2024-07-07 16:37:59,635,635,0,0,0,0,0,0,0,1,1
2024-07-07 16:37:59,636,636,0,0,0,0,0,0,0,1,1
2024-07-07 16:37:59,637,637,0,0,0,0,0,0,0,1,1
2024-07-07 16:37:59,638,638,0,0,0,0,0,0,0,1,1
2024-07-07 16:37:59,639,639,0,0,0,0,0,0,0,1,1
2024-07-07 16:37:59,640,640,0,0,0,0,0,0,0,1,1
2024-07-07 16:37:59,641,641,0,0,0,0,0,0,0,1,1
2024-07-07 16:37:59,642,642,0,0,0,0,0,0,0,1,1
2024-07-07 16:37:59,643,643,0,0,0,0,0,0,0,1,1
2024-07-07 16:37:59,644,644,0,0,0,0,0,0,0,1,1
2024-07-07 16:37:59,645,645,0,0,0,0,0,0,0,1,1
2024-07-07 16:37:59,646,646,0,0,0,0,0,0,0,1,1
2024-07-07 16:37:59,647,647,0,0,0,0,0,0,0,1,1
2024-07-07 16:37:59,648,648,0,0,0,0,0,0,0,1,1
2024-07-07 16:37:59,649,649,0,0,0,0,0,0,0,1,1
2024-07-07 16:37:59,650,650,0,0,0,0,0,0,0,1,1
2024-07-07 16:37:59,651,651,0,0,0,0,0,0,0,1,1
2024-07-07 16:37:59,652,652,0,0,0,0,0,0,0,1,1
2024-07-07 16:37:59,653,653,0,0,0,0,0,0,0,1,1
2024-07-07 16:37:59,654,654,0,0,0,0,0,0,0,1,1
2024-07-07 16:37:59,655,655,0,0,0,0,0,0,0,1,1
2024-07-07 16:37:59,656,656,0,0,0,0,0,0,0,1,1
2024-07-07 16:37:59,657,657,0,0,0,0,0,0,0,1,1
2024-07-07 16:37:59,658,658,0,0,0,0,0,0,0,1,1
2024-07-07 16:37:59,659,659,0,0,0,0,0,0,0,1,1
2024-07-07 16:37:59,660,660,0,0,0,0,0,0,0,1,1
2024-07-07 16:37:59,661,661,0,0,0,0,0,0,0,1,1
2024-07-07 16:37:59,662,662,0,0,0,0,0,0,0,1,1
2024-07-07 16:37:59,663,663,0,0,0,0,0,0,0,1,1
2024-07-07 16:37:59,664,664,0,0,0,0,0,0,0,1,1
2024-07-07 16:37:59,665,665,0,1,0,0,0,0,0,1,1
2024-07-07 16:37:59,666,666,0,0,0,0,0,0,0,1,1
2024-07-07 16:37:59,667,667,0,0,0,0,0,0,0,1,1
2024-07-07 16:37:59,668,668,0,0,0,0,0,0,0,1,1
2024-07-07 16:37:59,669,669,0,0,0,0,0,0,0,1,1
2024-07-07 16:37:59,670,670,0,0,0,0,0,0,0,1,1
2024-07-07 16:37:59,671,671,0,0,0,0,0,0,0,1,1
2024-07-07 16:37:59,672,672,0,0,0,0,0,0,0,1,1
2024-07-07 16:37:59,673,673,0,0,0,0,0,0,0,1,1
2024-07-07 16:37:59,674,674,0,0,0,0,0,0,0,1,1
2024-07-07 16:37:59,675,675,0,0,0,0,0,0,0,1,1
2024-07-07 16:37:59,676,676,0,0,0,0,0,0,0,1,1
2024-07-07 16:37:59,677,677,0,0,0,0,0,0,0,1,1
2024-07-07 16:37:59,678,678,0,0,0,0,0,0,0,1,1
2024-07-07 16:37:59,679,679,0,0,0,0,0,0,0,1,1
2024-07-07 16:37:59,680,680,0,0,0,0,0,0,0,1,1
2024-07-07 16:37:59,681,681,0,0,0,0,0,0,0,1,1
2024-07-07 16:37:59,682,682,0,0,0,0,0,0,0,1,1
2024-07-07 16:37:59,683,683,0,0,0,0,0,0,0,1,1
2024-07-07 16:37:59,684,684,0,0,0,0,0,0,0,1,1
2024-07-07 16:37:59,685,685,0,0,0,0,0,0,0,1,1
2024-07-07 16:37:59,686,686,0,0,0,0,0,0,0,1,1
2024-07-07 16:37:59,687,687,0,0,0,0,0,0,0,1,1
2024-07-07 16:37:59,688,688,0,0,0,0,0,0,0,1,1
2024-07-07 16:37:59,689,689,0,0,0,0,0,0,0,1,1
2024-07-07 16:37:59,690,690,0,0,0,0,0,0,0,1,1
2024-07-07 16:37:59,691,691,0,0,0,0,0,0,0,1,1
2024-07-07 16:37:59,692,692,0,0,0,0,0,0,0,1,1
2024-07-07 16:37:59,693,693,0,0,0,0,0,0,0,1,1
2024-07-07 16:37:59,694,694,0,0,0,0,0,0,0,1,1
2024-07-07 16:37:59,695,695,0,0,0,0,0,0,0,1,1
2024-07-07 16:37:59,696,696,0,0,0,0,0,0,0,1,1
2024-07-07 16:37:59,697,697,0,0,0,0,0,0,0,1,1
2024-07-07 16:37:59,698,698,0,0,0,0,0,0,0,1,1
2024-07-07 16:37:59,699,699,0,0,0,0,0,0,0,1,1
2024-07-07 16:37:59,700,700,0,0,0,0,0,0,0,1,1
2024-07-07 16:37:59,701,701,0,0,0,0,0,0,0,1,1
2024-07-07 16:37:59,702,702,0,0,0,0,0,0,0,1,1
2024-07-07 16:37:59,703,703,0,0,0,0,0,0,0,1,1
2024-07-07 16:37:59,704,704,0,0,0,0,0,0,0,1,1
2024-07-07 16:37:59,705,705,0,0,0,0,0,0,0,1,1
2024-07-07 16:37:59,706,706,0,0,0,0,0,0,0,1,1
2024-07-07 16:37:59,707,707,0,0,0,0,0,0,0,1,1
2024-07-07 16:37:59,708,708,0,0,0,0,0,0,0,1,1
2024-07-07 16:37:59,709,709,0,0,0,0,0,0,0,1,1
2024-07-07 16:37:59,710,710,0,0,0,0,0,0,0,1,1
2024-07-07 16:37:59,711,711,0,0,0,0,0,0,0,1,1
2024-07-07 16:37:59,712,712,0,0,0,0,0,0,0,1,1
2024-07-07 16:37:59,713,713,0,0,0,0,0,0,0,1,1
2024-07-07 16:37:59,714,714,0,0,0,0,0,0,0,1,1
2024-07-07 16:37:59,715,715,0,0,0,0,0,0,0,1,1
2024-07-07 16:37:59,716,716,0,0,0,0,0,0,0,1,1
2024-07-07 16:37:59,717,717,0,0,0,0,0,0,0,1,1
2024-07-07 16:37:59,718,718,0,0,0,0,0,0,0,1,1
2024-07-07 16:37:59,719,719,0,0,0,0,0,0,0,1,1
2024-07-07 16:37:59,720,720,0,0,0,0,0,0,0,1,1
2024-07-07 16:37:59,721,721,0,0,0,0,0,0,0,1,1
2024-07-07 16:37:59,722,722,0,0,0,0,0,0,0,1,1
2024-07-07 16:37:59,723,723,0,0,0,0,0,0,0,1,1
2024-07-07 16:37:59,724,724,0,0,0,0,0,0,0,1,1
2024-07-07 16:37:59,725,725,0,0,0,0,0,0,0,1,1
2024-07-07 16:37:59,726,726,0,0,0,0,0,0,0,1,1
2024-07-07 16:37:59,727,727,0,0,0,0,0,0,0,1,1
2024-07-07 16:37:59,728,728,0,0,0,0,0,0,0,1,1
2024-07-07 16:37:59,729,729,0,0,0,0,0,0,0,1,1
2024-07-07 16:37:59,730,730,0,0,0,0,0,0,0,1,1
2024-07-07 16:37:59,731,731,0,0,0,0,0,0,0,1,1
2024-07-07 16:37:59,732,732,0,0,0,0,0,0,0,1,1
2024-07-07 16:37:59,733,733,0,0,0,0,0,0,0,1,1
2024-07-07 16:37:59,734,734,0,0,0,0,0,0,0,1,1
2024-07-07 16:37:59,735,735,0,0,0,0,0,0,0,1,1
2024-07-07 16:37:59,736,736,0,0,0,0,0,0,0,1,1
2024-07-07 16:37:59,737,737,0,0,0,0,0,0,0,1,1
2024-07-07 16:37:59,738,738,0,0,0,0,0,0,0,1,1
2024-07-07 16:37:59,739,739,0,0,0,0,0,0,0,1,1
2024-07-07 16:37:59,740,740,0,0,0,0,0,0,0,1,1
2024-07-07 16:37:59,741,741,0,0,0,0,0,0,0,1,1
2024-07-07 16:37:59,742,742,0,0,0,0,0,0,0,1,1
2024-07-07 16:37:59,743,743,0,0,0,0,0,0,0,1,1
2024-07-07 16:37:59,744,744,0,0,0,0,0,0,0,1,1
2024-07-07 16:37:59,745,745,0,0,0,0,0,0,0,1,1
2024-07-07 16:37:59,746,746,0,1,0,0,0,0,0,1,1
2024-07-07 16:37:59,747,747,0,0,0,0,0,0,0,1,1
2024-07-07 16:37:59,748,748,0,0,0,0,0,0,0,1,1
2024-07-07 16:37:59,749,749,0,0,0,0,0,0,0,1,1
2024-07-07 16:37:59,750,750,0,0,0,0,0,0,0,1,1
2024-07-07 16:37:59,751,751,0,0,0,0,0,0,0,1,1
2024-07-07 16:37:59,752,752,0,0,0,0,0,0,0,1,1
2024-07-07 16:37:59,753,753,0,0,0,0,0,0,0,1,1
2024-07-07 16:37:59,754,754,0,0,0,0,0,0,0,1,1
2024-07-07 16:37:59,755,755,0,0,0,0,0,0,0,1,1
2024-07-07 16:37:59,756,756,0,0,0,0,0,0,0,1,1
2024-07-07 16:37:59,757,757,0,0,0,0,0,0,0,1,1
2024-07-07 16:37:59,758,758,0,0,0,0,0,0,0,1,1
2024-07-07 16:37:59,759,759,0,0,0,0,0,0,0,1,1
2024-07-07 16:37:59,760,760,0,0,0,0,0,0,0,1,1
2024-07-07 16:37:59,761,761,0,0,0,0,0,0,0,1,1
2024-07-07 16:37:59,762,762,0,0,0,0,0,0,0,1,1
2024-07-07 16:37:59,763,763,0,0,0,0,0,0,0,1,1
2024-07-07 16:37:59,764,764,0,0,0,0,0,0,0,1,1
2024-07-07 16:37:59,765,765,0,0,0,0,0,0,0,1,1
2024-07-07 16:37:59,766,766,0,0,0,0,0,0,0,1,1
2024-07-07 16:37:59,767,767,0,0,0,0,0,0,0,1,1
2024-07-07 16:37:59,768,768,0,0,0,0,0,0,0,1,1
2024-07-07 16:37:59,769,769,0,0,0,0,0,0,0,1,1
2024-07-07 16:37:59,770,770,0,0,0,0,0,0,0,1,1
2024-07-07 16:37:59,771,771,0,0,0,0,0,0,0,1,1
2024-07-07 16:37:59,772,772,0,0,0,0,0,0,0,1,1
2024-07-07 16:37:59,773,773,0,0,0,0,0,0,0,1,1
2024-07-07 16:37:59,774,774,0,0,0,0,0,0,0,1,1
2024-07-07 16:37:59,775,775,0,0,0,0,0,0,0,1,1
2024-07-07 16:37:59,776,776,0,0,0,0,0,0,0,1,1
2024-07-07 16:37:59,777,777,0,0,0,0,0,0,0,1,1
2024-07-07 16:37:59,778,778,0,0,0,0,0,0,0,1,1
2024-07-07 16:37:59,779,779,0,0,0,0,0,0,0,1,1
2024-07-07 16:37:59,780,780,0,0,0,0,0,0,0,1,1
2024-07-07 16:37:59,781,781,0,0,0,0,0,0,0,1,1
2024-07-07 16:37:59,782,782,0,0,0,0,0,0,0,1,1
2024-07-07 16:37:59,783,783,0,0,0,0,0,0,0,1,1
2024-07-07 16:37:59,784,784,0,0,0,0,0,0,0,1,1
2024-07-07 16:37:59,785,785,0,0,0,0,0,0,0,1,1
2024-07-07 16:37:59,786,786,0,0,0,0,0,0,0,1,1
2024-07-07 16:37:59,787,787,0,0,0,0,0,0,0,1,1
2024-07-07 16:37:59,788,788,0,0,0,0,0,0,0,1,1
2024-07-07 16:37:59,789,789,0,0,0,0,0,0,0,1,1
2024-07-07 16:37:59,790,790,0,0,0,0,0,0,0,1,1
2024-07-07 16:37:59,791,791,0,0,0,0,0,0,0,1,1
2024-07-07 16:37:59,792,792,0,0,0,0,0,0,0,1,1
2024-07-07 16:37:59,793,793,0,0,0,0,0,0,0,1,1
2024-07-07 16:37:59,794,794,0,0,0,0,0,0,0,1,1
2024-07-07 16:37:59,795,795,0,0,0,0,0,0,0,1,1
2024-07-07 16:37:59,796,796,0,0,0,0,0,0,0,1,1
2024-07-07 16:37:59,797,797,0,0,0,0,0,0,0,1,1
2024-07-07 16:37:59,798,798,0,0,0,0,0,0,0,1,1
2024-07-07 16:37:59,799,799,0,0,0,0,0,0,0,1,1
2024-07-07 16:37:59,800,800,0,0,0,0,0,0,0,1,1
2024-07-07 16:37:59,801,801,0,0,0,0,0,0,0,1,1
2024-07-07 16:37:59,802,802,0,0,0,0,0,0,0,1,1
2024-07-07 16:37:59,803,803,0,0,0,0,0,0,0,1,1
2024-07-07 16:37:59,804,804,0,0,0,0,0,0,0,1,1
2024-07-07 16:37:59,805,805,0,0,0,0,0,0,0,1,1
2024-07-07 16:37:59,806,806,0,0,0,0,0,0,0,1,1
2024-07-07 16:37:59,807,807,0,0,0,0,0,0,0,1,1
2024-07-07 16:37:59,808,808,0,0,0,0,0,0,0,1,1
2024-07-07 16:37:59,809,809,0,0,0,0,0,0,0,1,1
2024-07-07 16:37:59,810,810,0,0,0,0,0,0,0,1,1
2024-07-07 16:37:59,811,811,0,0,0,0,0,0,0,1,1
2024-07-07 16:37:59,812,812,0,0,0,0,0,0,0,1,1
2024-07-07 16:37:59,813,813,0,0,0,0,0,0,0,1,1
2024-07-07 16:37:59,814,814,0,0,0,0,0,0,0,1,1
2024-07-07 16:37:59,815,815,0,0,0,0,0,0,0,1,1
2024-07-07 16:37:59,816,816,0,0,0,0,0,0,0,1,1
2024-07-07 16:37:59,817,817,0,0,0,0,0,0,0,1,1
2024-07-07 16:37:59,818,818,0,0,0,0,0,0,0,1,1
2024-07-07 16:37:59,819,819,0,0,0,0,0,0,0,1,1
2024-07-07 16:37:59,820,820,0,0,0,0,0,0,0,1,1
2024-07-07 16:37:59,821,821,0,0,0,0,0,0,0,1,1
2024-07-07 16:37:59,822,822,0,0,0,0,0,0,0,1,1
2024-07-07 16:37:59,823,823,0,0,0,0,0,0,0,1,1
2024-07-07 16:37:59,824,824,0,0,0,0,0,0,0,1,1
2024-07-07 16:37:59,825,825,0,0,0,0,0,0,0,1,1
2024-07-07 16:37:59,826,826,0,0,0,0,0,0,0,1,1
2024-07-07 16:37:59,827,827,0,0,0,0,0,0,0,1,1
2024-07-07 16:37:59,828,828,0,0,0,0,0,0,0,1,1
2024-07-07 16:37:59,829,829,0,0,0,0,0,0,0,1,1
2024-07-07 16:37:59,830,830,0,0,0,0,0,0,0,1,1
2024-07-07 16:37:59,831,831,0,0,0,0,0,0,0,1,1
2024-07-07 16:37:59,832,832,0,0,0,0,0,0,0,1,1
2024-07-07 16:37:59,833,833,0,0,0,0,0,0,0,1,1
2024-07-07 16:37:59,834,834,0,0,0,0,0,0,0,1,1
2024-07-07 16:37:59,835,835,0,0,0,0,0,0,0,1,1
2024-07-07 16:37:59,836,836,0,0,0,0,0,0,0,1,1
2024-07-07 16:37:59,837,837,0,0,0,0,0,0,0,1,1
2024-07-07 16:37:59,838,838,0,0,0,0,0,0,0,1,1
2024-07-07 16:37:59,839,839,0,0,0,0,0,0,0,1,1
2024-07-07 16:37:59,840,840,0,0,0,0,0,0,0,1,1
2024-07-07 16:37:59,841,841,0,0,0,0,0,0,0,1,1
2024-07-07 16:37:59,842,842,0,0,0,0,0,0,0,1,1
2024-07-07 16:37:59,843,843,0,0,0,0,0,0,0,1,1
2024-07-07 16:37:59,844,844,0,0,0,0,0,0,0,1,1
2024-07-07 16:37:59,845,845,0,0,0,0,0,0,0,1,1
2024-07-07 16:37:59,846,846,0,0,0,0,0,0,0,1,1
2024-07-07 16:37:59,847,847,0,0,0,0,0,0,0,1,1
2024-07-07 16:37:59,848,848,0,0,0,0,0,0,0,1,1
2024-07-07 16:37:59,849,849,0,0,0,0,0,0,0,1,1
2024-07-07 16:37:59,850,850,0,0,0,0,0,0,0,1,1
2024-07-07 16:37:59,851,851,0,0,0,0,0,0,0,1,1
2024-07-07 16:37:59,852,852,0,0,0,0,0,0,0,1,1
2024-07-07 16:37:59,853,853,0,0,0,0,0,0,0,1,1
2024-07-07 16:37:59,854,854,0,0,0,0,0,0,0,1,1
2024-07-07 16:37:59,855,855,0,0,0,0,0,0,0,1,1
2024-07-07 16:37:59,856,856,0,0,0,0,0,0,0,1,1
2024-07-07 16:37:59,857,857,0,0,0,0,0,0,0,1,1
2024-07-07 16:37:59,858,858,0,0,0,0,0,0,0,1,1
2024-07-07 16:37:59,859,859,0,0,0,0,0,0,0,1,1
2024-07-07 16:37:59,860,860,0,0,0,0,0,0,0,1,1
2024-07-07 16:37:59,861,861,0,0,0,0,0,0,0,1,1
2024-07-07 16:37:59,862,862,0,0,0,0,0,0,0,1,1
2024-07-07 16:37:59,863,863,0,0,0,0,0,0,0,1,1
2024-07-07 16:37:59,864,864,0,0,0,0,0,0,0,1,1
2024-07-07 16:37:59,865,865,0,0,0,0,0,0,0,1,1
2024-07-07 16:37:59,866,866,0,0,0,0,0,0,0,1,1
2024-07-07 16:37:59,867,867,0,1,0,0,0,0,0,1,1
2024-07-07 16:37:59,868,868,0,0,0,0,0,0,0,1,1
2024-07-07 16:37:59,869,869,0,0,0,0,0,0,0,1,1
2024-07-07 16:37:59,870,870,0,0,0,0,0,0,0,1,1
2024-07-07 16:37:59,871,871,0,0,0,0,0,0,0,1,1
2024-07-07 16:37:59,872,872,0,0,0,0,0,0,0,1,1
2024-07-07 16:37:59,873,873,0,0,0,0,0,0,0,1,1
2024-07-07 16:37:59,874,874,0,0,0,0,0,0,0,1,1
2024-07-07 16:37:59,875,875,0,0,0,0,0,0,0,1,1
2024-07-07 16:37:59,876,876,0,0,0,0,0,0,0,1,1
2024-07-07 16:37:59,877,877,0,0,0,0,0,0,0,1,1
2024-07-07 16:37:59,878,878,0,0,0,0,0,0,0,1,1
2024-07-07 16:37:59,879,879,0,0,0,0,0,0,0,1,1
2024-07-07 16:37:59,880,880,0,0,0,0,0,0,0,1,1
2024-07-07 16:37:59,881,881,0,0,0,0,0,0,0,1,1
2024-07-07 16:37:59,882,882,0,0,0,0,0,0,0,1,1
2024-07-07 16:37:59,883,883,0,0,0,0,0,0,0,1,1
2024-07-07 16:37:59,884,884,0,0,0,0,0,0,0,1,1
2024-07-07 16:37:59,885,885,0,0,0,0,0,0,0,1,1
2024-07-07 16:37:59,886,886,0,0,0,0,0,0,0,1,1
2024-07-07 16:37:59,887,887,0,0,0,0,0,0,0,1,1
2024-07-07 16:37:59,888,888,0,0,0,0,0,0,0,1,1
2024-07-07 16:37:59,889,889,0,0,0,0,0,0,0,1,1
2024-07-07 16:37:59,890,890,0,0,0,0,0,0,0,1,1
2024-07-07 16:37:59,891,891,0,0,0,0,0,0,0,1,1
2024-07-07 16:37:59,892,892,0,0,0,0,0,0,0,1,1
2024-07-07 16:37:59,893,893,0,0,0,0,0,0,0,1,1
2024-07-07 16:37:59,894,894,0,0,0,0,0,0,0,1,1
2024-07-07 16:37:59,895,895,0,0,0,0,0,0,0,1,1
2024-07-07 16:37:59,896,896,0,0,0,0,0,0,0,1,1
2024-07-07 16:37:59,897,897,0,0,0,0,0,0,0,1,1
2024-07-07 16:37:59,898,898,0,0,0,0,0,0,0,1,1
2024-07-07 16:37:59,899,899,0,0,0,0,0,0,0,1,1
2024-07-07 16:37:59,900,900,0,0,0,0,0,0,0,1,1
2024-07-07 16:37:59,901,901,0,0,0,0,0,0,0,1,1
2024-07-07 16:37:59,902,902,0,0,0,0,0,0,0,1,1
2024-07-07 16:37:59,903,903,0,0,0,0,0,0,0,1,1
2024-07-07 16:37:59,904,904,0,0,0,0,0,0,0,1,1
2024-07-07 16:37:59,905,905,0,0,0,0,0,0,0,1,1
2024-07-07 16:37:59,906,906,0,0,0,0,0,0,0,1,1
2024-07-07 16:37:59,907,907,0,0,0,0,0,0,0,1,1
2024-07-07 16:37:59,908,908,0,0,0,0,0,0,0,1,1
2024-07-07 16:37:59,909,909,0,0,0,0,0,0,0,1,1
2024-07-07 16:37:59,910,910,0,0,0,0,0,0,0,1,1
2024-07-07 16:37:59,911,911,0,0,0,0,0,0,0,1,1
2024-07-07 16:37:59,912,912,0,0,0,0,0,0,0,1,1
2024-07-07 16:37:59,913,913,0,0,0,0,0,0,0,1,1
2024-07-07 16:37:59,914,914,0,0,0,0,0,0,0,1,1
2024-07-07 16:37:59,915,915,0,0,0,0,0,0,0,1,1
2024-07-07 16:37:59,916,916,0,0,0,0,0,0,0,1,1
2024-07-07 16:37:59,917,917,0,0,0,0,0,0,0,1,1
2024-07-07 16:37:59,918,918,0,0,0,0,0,0,0,1,1
2024-07-07 16:37:59,919,919,0,0,0,0,0,0,0,1,1
2024-07-07 16:37:59,920,920,0,0,0,0,0,0,0,1,1
2024-07-07 16:37:59,921,921,0,0,0,0,0,0,0,1,1
2024-07-07 16:37:59,922,922,0,0,0,0,0,0,0,1,1
2024-07-07 16:37:59,923,923,0,0,0,0,0,0,0,1,1
2024-07-07 16:37:59,924,924,0,0,0,0,0,0,0,1,1
2024-07-07 16:37:59,925,925,0,0,0,0,0,0,0,1,1
2024-07-07 16:37:59,926,926,0,0,0,0,0,0,0,1,1
2024-07-07 16:37:59,927,927,0,0,0,0,0,0,0,1,1
2024-07-07 16:37:59,928,928,0,0,0,0,0,0,0,1,1
2024-07-07 16:37:59,929,929,0,0,0,0,0,0,0,1,1
2024-07-07 16:37:59,930,930,0,0,0,0,0,0,0,1,1
2024-07-07 16:37:59,931,931,0,0,0,0,0,0,0,1,1
2024-07-07 16:37:59,932,932,0,0,0,0,0,0,0,1,1
2024-07-07 16:37:59,933,933,0,0,0,0,0,0,0,1,1
2024-07-07 16:37:59,934,934,0,0,0,0,0,0,0,1,1
2024-07-07 16:37:59,935,935,0,0,0,0,0,0,0,1,1
2024-07-07 16:37:59,936,936,0,0,0,0,0,0,0,1,1
2024-07-07 16:37:59,937,937,0,0,0,0,0,0,0,1,1
2024-07-07 16:37:59,938,938,0,0,0,0,0,0,0,1,1
2024-07-07 16:37:59,939,939,0,0,0,0,0,0,0,1,1
2024-07-07 16:37:59,940,940,0,0,0,0,0,0,0,1,1
2024-07-07 16:37:59,941,941,0,0,0,0,0,0,0,1,1
2024-07-07 16:37:59,942,942,0,0,0,0,0,0,0,1,1
2024-07-07 16:37:59,943,943,0,0,0,0,0,0,0,1,1
2024-07-07 16:37:59,944,944,0,0,0,0,0,0,0,1,1
2024-07-07 16:37:59,945,945,0,0,0,0,0,0,0,1,1
2024-07-07 16:37:59,946,946,0,0,0,0,0,0,0,1,1
2024-07-07 16:37:59,947,947,0,0,0,0,0,0,0,1,1
2024-07-07 16:37:59,948,948,0,1,0,0,0,0,0,1,1
2024-07-07 16:37:59,949,949,0,0,0,0,0,0,0,1,1
2024-07-07 16:37:59,950,950,0,0,0,0,0,0,0,1,1
2024-07-07 16:37:59,951,951,0,0,0,0,0,0,0,1,1
2024-07-07 16:37:59,952,952,0,0,0,0,0,0,0,1,1
2024-07-07 16:37:59,953,953,0,0,0,0,0,0,0,1,1
2024-07-07 16:37:59,954,954,0,0,0,0,0,0,0,1,1
2024-07-07 16:37:59,955,955,0,0,0,0,0,0,0,1,1
2024-07-07 16:37:59,956,956,0,0,0,0,0,0,0,1,1
2024-07-07 16:37:59,957,957,0,0,0,0,0,0,0,1,1
2024-07-07 16:37:59,958,958,0,0,0,0,0,0,0,1,1
2024-07-07 16:37:59,959,959,0,0,0,0,0,0,0,1,1
2024-07-07 16:37:59,960,960,0,0,0,0,0,0,0,1,1
2024-07-07 16:37:59,961,961,0,0,0,0,0,0,0,1,1
2024-07-07 16:37:59,962,962,0,0,0,0,0,0,0,1,1
2024-07-07 16:37:59,963,963,0,0,0,0,0,0,0,1,1
2024-07-07 16:37:59,964,964,0,0,0,0,0,0,0,1,1
2024-07-07 16:37:59,965,965,0,0,0,0,0,0,0,1,1
2024-07-07 16:37:59,966,966,0,0,0,0,0,0,0,1,1
2024-07-07 16:37:59,967,967,0,0,0,0,0,0,0,1,1
2024-07-07 16:37:59,968,968,0,0,0,0,0,0,0,1,1
2024-07-07 16:37:59,969,969,0,0,0,0,0,0,0,1,1
2024-07-07 16:37:59,970,970,0,0,0,0,0,0,0,1,1
2024-07-07 16:37:59,971,971,0,0,0,0,0,0,0,1,1
2024-07-07 16:37:59,972,972,0,0,0,0,0,0,0,1,1
2024-07-07 16:37:59,973,973,0,0,0,0,0,0,0,1,1
2024-07-07 16:37:59,974,974,0,0,0,0,0,0,0,1,1
2024-07-07 16:37:59,975,975,0,0,0,0,0,0,0,1,1
2024-07-07 16:37:59,976,976,0,0,0,0,0,0,0,1,1
2024-07-07 16:37:59,977,977,0,0,0,0,0,0,0,1,1
2024-07-07 16:37:59,978,978,0,0,0,0,0,0,0,1,1
2024-07-07 16:37:59,979,979,0,0,0,0,0,0,0,1,1
2024-07-07 16:37:59,980,980,0,0,0,0,0,0,0,1,1
2024-07-07 16:37:59,981,981,0,0,0,0,0,0,0,1,1
2024-07-07 16:37:59,982,982,0,0,0,0,0,0,0,1,1
2024-07-07 16:37:59,983,983,0,0,0,0,0,0,0,1,1
2024-07-07 1